Step,price,liquidity,iteration,scenario,region,coin
1,0.9670079263646012,2989002256954.6807,351,S3_twin_shock,indonesia,USDC
2,0.9814129887862965,2988817180234.9653,351,S3_twin_shock,indonesia,USDC
3,0.9766572630019191,2988817180234.9653,351,S3_twin_shock,indonesia,USDC
4,0.994244063629721,2988817180234.9653,351,S3_twin_shock,indonesia,USDC
5,1.0087023362938843,2988817180234.9653,351,S3_twin_shock,indonesia,USDC
6,0.9948234090424503,2988817180234.9653,351,S3_twin_shock,indonesia,USDC
7,0.9712633392038874,2988817180234.9653,351,S3_twin_shock,indonesia,USDC
8,0.9607424689305374,2988817180234.9653,351,S3_twin_shock,indonesia,USDC
9,0.9501572539101193,2988266821993.497,351,S3_twin_shock,indonesia,USDC
10,0.9316038484996416,2987093933297.6855,351,S3_twin_shock,indonesia,USDC
11,0.9544052938967877,2984848842444.51,351,S3_twin_shock,indonesia,USDC
12,0.9760785403792708,2983975026447.689,351,S3_twin_shock,indonesia,USDC
13,0.9502972604405447,2983975026447.689,351,S3_twin_shock,indonesia,USDC
14,0.9806330032436958,2982858413911.418,351,S3_twin_shock,indonesia,USDC
15,1.0338214429389565,2982858413911.418,351,S3_twin_shock,indonesia,USDC
16,1.067281746264956,2982858413911.418,351,S3_twin_shock,indonesia,USDC
17,1.0679181721350652,2982858413911.418,351,S3_twin_shock,indonesia,USDC
18,1.0653013605348967,2982858413911.418,351,S3_twin_shock,indonesia,USDC
19,1.040626383851793,2982858413911.418,351,S3_twin_shock,indonesia,USDC
20,1.0544210512111578,2982858413911.418,351,S3_twin_shock,indonesia,USDC
21,1.072636578187598,2982858413911.418,351,S3_twin_shock,indonesia,USDC
22,1.0776178871796869,2982858413911.418,351,S3_twin_shock,indonesia,USDC
23,1.0853574672405495,2982858413911.418,351,S3_twin_shock,indonesia,USDC
24,1.0745505185381619,2982858413911.418,351,S3_twin_shock,indonesia,USDC
25,1.0967783324229716,2982858413911.418,351,S3_twin_shock,indonesia,USDC
26,1.0701608105092104,2982858413911.418,351,S3_twin_shock,indonesia,USDC
27,1.030896427178016,2982858413911.418,351,S3_twin_shock,indonesia,USDC
28,1.040427372977182,2982858413911.418,351,S3_twin_shock,indonesia,USDC
29,1.0623152463807592,2982858413911.418,351,S3_twin_shock,indonesia,USDC
30,1.0664828289835606,2982858413911.418,351,S3_twin_shock,indonesia,USDC
31,1.0966883864720613,2982858413911.418,351,S3_twin_shock,indonesia,USDC
32,1.0858445231918072,2982858413911.418,351,S3_twin_shock,indonesia,USDC
33,1.0936642794168483,2982858413911.418,351,S3_twin_shock,indonesia,USDC
34,1.0886586565395362,2982858413911.418,351,S3_twin_shock,indonesia,USDC
35,1.0911516886471992,2982858413911.418,351,S3_twin_shock,indonesia,USDC
36,1.065544504739544,2982858413911.418,351,S3_twin_shock,indonesia,USDC
37,1.0872357576559326,2982858413911.418,351,S3_twin_shock,indonesia,USDC
38,1.0770563728983444,2982858413911.418,351,S3_twin_shock,indonesia,USDC
39,1.038122913711626,2982858413911.418,351,S3_twin_shock,indonesia,USDC
40,1.0843855922267427,2982858413911.418,351,S3_twin_shock,indonesia,USDC
41,1.0981456324418484,2982858413911.418,351,S3_twin_shock,indonesia,USDC
42,1.099033905710985,2982858413911.418,351,S3_twin_shock,indonesia,USDC
43,0.99359905985944,2982858413911.418,351,S3_twin_shock,indonesia,USDC
44,1.002077395289479,2982858413911.418,351,S3_twin_shock,indonesia,USDC
45,0.9882822717933423,2982858413911.418,351,S3_twin_shock,indonesia,USDC
46,0.9737995576779053,2982858413911.418,351,S3_twin_shock,indonesia,USDC
47,0.9920869611593415,2982858413911.418,351,S3_twin_shock,indonesia,USDC
48,0.9935521701402145,2982858413911.418,351,S3_twin_shock,indonesia,USDC
49,0.9946652714514725,2982858413911.418,351,S3_twin_shock,indonesia,USDC
50,0.990264037144612,2982858413911.418,351,S3_twin_shock,indonesia,USDC
51,0.9890668897706697,2982858413911.418,351,S3_twin_shock,indonesia,USDC
52,0.9845923286761717,2982858413911.418,351,S3_twin_shock,indonesia,USDC
53,0.9661360423284178,2982858413911.418,351,S3_twin_shock,indonesia,USDC
54,0.9460398670680882,2982643879982.7227,351,S3_twin_shock,indonesia,USDC
55,0.939315781763483,2981436083231.826,351,S3_twin_shock,indonesia,USDC
56,0.9497158842156865,2979909761390.5527,351,S3_twin_shock,indonesia,USDC
57,0.9428876721255862,2978954899548.3325,351,S3_twin_shock,indonesia,USDC
58,0.9559554119074215,2977558680554.3193,351,S3_twin_shock,indonesia,USDC
59,0.9674182876763704,2976855634194.829,351,S3_twin_shock,indonesia,USDC
60,0.9632622615032806,2976728269603.336,351,S3_twin_shock,indonesia,USDC
61,0.9657817956973093,2976396758889.1943,351,S3_twin_shock,indonesia,USDC
62,0.946841779799397,2976242329289.7183,351,S3_twin_shock,indonesia,USDC
63,0.9611278456712734,2975236563625.3013,351,S3_twin_shock,indonesia,USDC
64,0.9701699196561957,2974843581714.4688,351,S3_twin_shock,indonesia,USDC
65,0.9503122915299295,2974843581714.4688,351,S3_twin_shock,indonesia,USDC
66,0.9987772841012819,2974029028013.6855,351,S3_twin_shock,indonesia,USDC
67,1.0059610255681255,2974029028013.6855,351,S3_twin_shock,indonesia,USDC
68,0.9938461555415048,2974029028013.6855,351,S3_twin_shock,indonesia,USDC
69,0.9971765731739739,2974029028013.6855,351,S3_twin_shock,indonesia,USDC
70,0.9945842543940273,2974029028013.6855,351,S3_twin_shock,indonesia,USDC
71,1.0091473607124235,2974029028013.6855,351,S3_twin_shock,indonesia,USDC
72,0.9822364199745517,2974029028013.6855,351,S3_twin_shock,indonesia,USDC
73,0.967203862525033,2974029028013.6855,351,S3_twin_shock,indonesia,USDC
74,0.9558722236311196,2973949971721.8975,351,S3_twin_shock,indonesia,USDC
75,0.9482481950810872,2973295320935.791,351,S3_twin_shock,indonesia,USDC
76,0.9707376308816935,2972380755864.495,351,S3_twin_shock,indonesia,USDC
77,0.9504513073551053,2972380755864.495,351,S3_twin_shock,indonesia,USDC
78,0.9709422271987826,2971506536336.0566,351,S3_twin_shock,indonesia,USDC
79,0.9810670268450075,2971506536336.0566,351,S3_twin_shock,indonesia,USDC
80,1.0374409948313061,2971506536336.0566,351,S3_twin_shock,indonesia,USDC
81,1.0310694597696481,2971506536336.0566,351,S3_twin_shock,indonesia,USDC
82,1.0134937253982295,2971506536336.0566,351,S3_twin_shock,indonesia,USDC
83,1.0526346796895905,2971506536336.0566,351,S3_twin_shock,indonesia,USDC
84,1.0291398984542075,2971506536336.0566,351,S3_twin_shock,indonesia,USDC
85,1.0804844086491925,2971506536336.0566,351,S3_twin_shock,indonesia,USDC
86,1.07453354483637,2971506536336.0566,351,S3_twin_shock,indonesia,USDC
87,1.0729932136536655,2971506536336.0566,351,S3_twin_shock,indonesia,USDC
88,1.0901006083557694,2971506536336.0566,351,S3_twin_shock,indonesia,USDC
89,1.0957860513734756,2971506536336.0566,351,S3_twin_shock,indonesia,USDC
90,1.0899012908266663,2971506536336.0566,351,S3_twin_shock,indonesia,USDC
91,1.0870989150745476,2971506536336.0566,351,S3_twin_shock,indonesia,USDC
92,1.0546943052337758,2971506536336.0566,351,S3_twin_shock,indonesia,USDC
93,0.9844108557743723,2971506536336.0566,351,S3_twin_shock,indonesia,USDC
94,0.9620948383269818,2971506536336.0566,351,S3_twin_shock,indonesia,USDC
95,0.9904171570958007,2971160141284.1963,351,S3_twin_shock,indonesia,USDC
96,1.0023102210634713,2971160141284.1963,351,S3_twin_shock,indonesia,USDC
97,0.9859495242633604,2971160141284.1963,351,S3_twin_shock,indonesia,USDC
98,1.013746065900956,2971160141284.1963,351,S3_twin_shock,indonesia,USDC
99,1.0248925310880452,2971160141284.1963,351,S3_twin_shock,indonesia,USDC
100,1.001590501017307,2971160141284.1963,351,S3_twin_shock,indonesia,USDC
101,0.8379027418401213,2971160141284.1963,351,S3_twin_shock,indonesia,USDC
102,0.8644952203515001,2965536335197.9595,351,S3_twin_shock,indonesia,USDC
103,0.8587158811117201,2961562603368.3535,351,S3_twin_shock,indonesia,USDC
104,0.8852429209056274,2958064215256.338,351,S3_twin_shock,indonesia,USDC
105,0.8902717262863928,2955581950099.316,351,S3_twin_shock,indonesia,USDC
106,0.8846243964609691,2953497732774.377,351,S3_twin_shock,indonesia,USDC
107,0.913225053236439,2951439298516.9346,351,S3_twin_shock,indonesia,USDC
108,0.9114058182296984,2950126038887.833,351,S3_twin_shock,indonesia,USDC
109,0.909930942617049,2948946494032.7256,351,S3_twin_shock,indonesia,USDC
110,0.9031114323458532,2947804005795.81,351,S3_twin_shock,indonesia,USDC
111,0.8870889679343792,2946538955838.4663,351,S3_twin_shock,indonesia,USDC
112,0.9219557994979163,2945073506978.6934,351,S3_twin_shock,indonesia,USDC
113,0.9091420132298802,2944277496299.856,351,S3_twin_shock,indonesia,USDC
114,0.9330727207740872,2943366655520.9985,351,S3_twin_shock,indonesia,USDC
115,0.9468705406036044,2942836388121.104,351,S3_twin_shock,indonesia,USDC
116,0.95422597718438,2942506515981.827,351,S3_twin_shock,indonesia,USDC
117,0.936041496476078,2942318774459.1865,351,S3_twin_shock,indonesia,USDC
118,0.9443084286692741,2941882001680.1953,351,S3_twin_shock,indonesia,USDC
119,0.9484499542393781,2941565673453.8877,351,S3_twin_shock,indonesia,USDC
120,0.9597713892873467,2941286557783.3022,351,S3_twin_shock,indonesia,USDC
121,0.9617182368508741,2867652931204.26,351,S3_twin_shock,indonesia,USDC
122,0.9317242976596515,2795883648343.517,351,S3_twin_shock,indonesia,USDC
123,0.9288798210494141,2725562543816.1074,351,S3_twin_shock,indonesia,USDC
124,0.9091953038397365,2656969028370.999,351,S3_twin_shock,indonesia,USDC
125,0.8878786973699759,2589894324976.554,351,S3_twin_shock,indonesia,USDC
126,0.8723227110070062,2524297395825.783,351,S3_twin_shock,indonesia,USDC
127,0.8889532226621432,2460241458343.675,351,S3_twin_shock,indonesia,USDC
128,0.8605322836114123,2398027661715.9277,351,S3_twin_shock,indonesia,USDC
129,0.8575954879859697,2337200890507.504,351,S3_twin_shock,indonesia,USDC
130,0.8522166757403935,2277972806083.5444,351,S3_twin_shock,indonesia,USDC
131,0.8585570161075399,2220299737911.715,351,S3_twin_shock,indonesia,USDC
132,0.8342027213075768,2164188915961.7952,351,S3_twin_shock,indonesia,USDC
133,0.8354685533136175,2109458253102.7021,351,S3_twin_shock,indonesia,USDC
134,0.8325269112096875,2056183264543.1064,351,S3_twin_shock,indonesia,USDC
135,0.8406337987106183,2004299909835.9265,351,S3_twin_shock,indonesia,USDC
136,0.8395433233571832,1953793747129.815,351,S3_twin_shock,indonesia,USDC
137,0.8374731833288168,1904590683853.6982,351,S3_twin_shock,indonesia,USDC
138,0.8335345433882717,1856673040552.1084,351,S3_twin_shock,indonesia,USDC
139,0.8219492133492374,1809966574336.0142,351,S3_twin_shock,indonesia,USDC
140,0.8331224145942392,1764458120256.1326,351,S3_twin_shock,indonesia,USDC
141,0.8122299559713239,1720146599880.3352,351,S3_twin_shock,indonesia,USDC
142,0.8216819834459146,1676929900958.5789,351,S3_twin_shock,indonesia,USDC
143,0.7516485555835897,1634838956393.7322,351,S3_twin_shock,indonesia,USDC
144,0.7550637440970064,1593770744158.6907,351,S3_twin_shock,indonesia,USDC
145,0.7777099377385721,1553773559225.9539,351,S3_twin_shock,indonesia,USDC
146,0.7833380830132106,1514816618445.0654,351,S3_twin_shock,indonesia,USDC
147,0.7868181713387532,1476859972677.044,351,S3_twin_shock,indonesia,USDC
148,0.771618122432679,1439870877343.909,351,S3_twin_shock,indonesia,USDC
149,0.7394478975824776,1403813880452.791,351,S3_twin_shock,indonesia,USDC
150,0.7373278832433784,1368659682820.4802,351,S3_twin_shock,indonesia,USDC
151,0.7295120461163325,1334397665284.1206,351,S3_twin_shock,indonesia,USDC
152,0.7471876263216288,1301001751859.5947,351,S3_twin_shock,indonesia,USDC
153,0.7223933481275069,1268451498568.5767,351,S3_twin_shock,indonesia,USDC
154,0.7364296092972298,1236719325924.7764,351,S3_twin_shock,indonesia,USDC
155,0.7381002252790935,1205786098911.8486,351,S3_twin_shock,indonesia,USDC
156,0.7518371182579594,1175629361915.2356,351,S3_twin_shock,indonesia,USDC
157,0.7678473554460215,1146230469135.444,351,S3_twin_shock,indonesia,USDC
158,0.7469977930116339,1117568754468.159,351,S3_twin_shock,indonesia,USDC
159,0.7454810511599997,1089623937227.3135,351,S3_twin_shock,indonesia,USDC
160,0.7719212373257361,1062378998157.0068,351,S3_twin_shock,indonesia,USDC
161,0.7723549342878632,1035816580113.242,351,S3_twin_shock,indonesia,USDC
162,0.7716665832879249,1009918918716.99,351,S3_twin_shock,indonesia,USDC
163,0.7720170833220017,984669168604.1898,351,S3_twin_shock,indonesia,USDC
164,0.7278665107838882,960050919756.692,351,S3_twin_shock,indonesia,USDC
165,0.7368149153210148,936048167583.3359,351,S3_twin_shock,indonesia,USDC
166,0.7586117579611622,912645934025.7573,351,S3_twin_shock,indonesia,USDC
167,0.7339254162254195,889829055462.1421,351,S3_twin_shock,indonesia,USDC
168,0.7481405524135993,867582675145.7491,351,S3_twin_shock,indonesia,USDC
169,0.7695149606667263,845892651950.3059,351,S3_twin_shock,indonesia,USDC
170,0.7673075636158487,824745022287.0502,351,S3_twin_shock,indonesia,USDC
171,0.7512751277807814,804126147901.2609,351,S3_twin_shock,indonesia,USDC
172,0.7535324100622062,784022765450.531,351,S3_twin_shock,indonesia,USDC
173,0.751299716169361,764422030953.1694,351,S3_twin_shock,indonesia,USDC
174,0.75082008337359,745311348263.2854,351,S3_twin_shock,indonesia,USDC
175,0.7780327615148926,726678454188.7192,351,S3_twin_shock,indonesia,USDC
176,0.7871188718572698,708511418011.26,351,S3_twin_shock,indonesia,USDC
177,0.8002656218077605,690798578714.2549,351,S3_twin_shock,indonesia,USDC
178,0.7811336126711065,673528572327.7067,351,S3_twin_shock,indonesia,USDC
179,0.773650785283424,656690319961.0215,351,S3_twin_shock,indonesia,USDC
180,0.7618484349708866,640273028347.9746,351,S3_twin_shock,indonesia,USDC
181,0.7741538109966668,624266174616.6675,351,S3_twin_shock,indonesia,USDC
182,0.7727211437930979,608659499742.5663,351,S3_twin_shock,indonesia,USDC
183,0.7458190580699849,593442994855.2722,351,S3_twin_shock,indonesia,USDC
184,0.7500518519553195,578606904747.1128,351,S3_twin_shock,indonesia,USDC
185,0.7448186283498626,564141719735.8838,351,S3_twin_shock,indonesia,USDC
186,0.7431846758370593,550038167111.02,351,S3_twin_shock,indonesia,USDC
187,0.7426616404523118,536287205443.041,351,S3_twin_shock,indonesia,USDC
188,0.7373145951082585,522880019639.85925,351,S3_twin_shock,indonesia,USDC
189,0.7263981197550214,509808014570.6818,351,S3_twin_shock,indonesia,USDC
190,0.7076190523157487,497062810534.1987,351,S3_twin_shock,indonesia,USDC
191,0.7195462136470137,484636237295.3542,351,S3_twin_shock,indonesia,USDC
192,0.7343885778061071,472520329314.36597,351,S3_twin_shock,indonesia,USDC
193,0.7383449978484083,460707319630.5555,351,S3_twin_shock,indonesia,USDC
194,0.7629159038610754,449189635529.15216,351,S3_twin_shock,indonesia,USDC
195,0.7649814825410383,437959893909.24255,351,S3_twin_shock,indonesia,USDC
196,0.764966037638566,427010895982.9686,351,S3_twin_shock,indonesia,USDC
197,0.7547935195919245,416335623100.9713,351,S3_twin_shock,indonesia,USDC
198,0.7553737741667385,405927232114.61896,351,S3_twin_shock,indonesia,USDC
199,0.7479745219666706,395779051012.5674,351,S3_twin_shock,indonesia,USDC
200,0.7638186062524861,385884574482.81335,351,S3_twin_shock,indonesia,USDC
201,0.7543799584240387,376237459937.0128,351,S3_twin_shock,indonesia,USDC
202,0.7527000673655362,366831523289.76917,351,S3_twin_shock,indonesia,USDC
203,0.740554782411064,357660735091.80896,351,S3_twin_shock,indonesia,USDC
204,0.728781339902459,348719216616.0134,351,S3_twin_shock,indonesia,USDC
205,0.7399018621362332,340001236122.343,351,S3_twin_shock,indonesia,USDC
206,0.7304892454810522,331501205158.7421,351,S3_twin_shock,indonesia,USDC
207,0.7570619818604213,323213674981.7037,351,S3_twin_shock,indonesia,USDC
208,0.7662436880244645,315133333075.57324,351,S3_twin_shock,indonesia,USDC
209,0.7654394540066014,307254999725.47186,351,S3_twin_shock,indonesia,USDC
210,0.755953968139104,299573624713.686,351,S3_twin_shock,indonesia,USDC
211,0.7627832781099105,292084284079.6998,351,S3_twin_shock,indonesia,USDC
212,0.7691475040119469,284782176965.7744,351,S3_twin_shock,indonesia,USDC
213,0.7445866049439775,277662622532.46216,351,S3_twin_shock,indonesia,USDC
214,0.7525973349300847,270721056960.9596,351,S3_twin_shock,indonesia,USDC
215,0.7668903671280732,263953030530.83917,351,S3_twin_shock,indonesia,USDC
216,0.7444803712416387,257354204763.03943,351,S3_twin_shock,indonesia,USDC
217,0.7395728849567782,250920349640.06732,351,S3_twin_shock,indonesia,USDC
218,0.734871386276525,244647340896.05145,351,S3_twin_shock,indonesia,USDC
219,0.7457171020100769,238531157371.2729,351,S3_twin_shock,indonesia,USDC
220,0.7381361019900504,232567878435.21875,351,S3_twin_shock,indonesia,USDC
221,0.741110290873931,226753681472.97614,351,S3_twin_shock,indonesia,USDC
222,0.7317668176903218,221084839435.08948,351,S3_twin_shock,indonesia,USDC
223,0.7391842863677357,215557718448.37433,351,S3_twin_shock,indonesia,USDC
224,0.7368230314492443,210168775486.52798,351,S3_twin_shock,indonesia,USDC
225,0.7645357040655475,204914556098.8793,351,S3_twin_shock,indonesia,USDC
226,0.7717102024250889,199791692196.07687,351,S3_twin_shock,indonesia,USDC
227,0.7869798549744493,194796899890.91425,351,S3_twin_shock,indonesia,USDC
228,0.7963406541032061,189926977393.4407,351,S3_twin_shock,indonesia,USDC
229,0.8021500821055013,185178802958.45642,351,S3_twin_shock,indonesia,USDC
230,0.8117057533835513,180549332884.37863,351,S3_twin_shock,indonesia,USDC
231,0.8313339776082297,176035599562.1733,351,S3_twin_shock,indonesia,USDC
232,0.8007151480203751,171634709573.04715,351,S3_twin_shock,indonesia,USDC
233,0.7102475685528044,167343841833.65024,351,S3_twin_shock,indonesia,USDC
234,0.7095777362872976,163160245787.71796,351,S3_twin_shock,indonesia,USDC
235,0.7048970689229817,159081239642.95563,351,S3_twin_shock,indonesia,USDC
236,0.7010460142237808,155104208651.82812,351,S3_twin_shock,indonesia,USDC
237,0.7148785419912076,151226603435.49353,351,S3_twin_shock,indonesia,USDC
238,0.7365858863419772,147445938349.57803,351,S3_twin_shock,indonesia,USDC
239,0.7350886176023663,143759789890.82,351,S3_twin_shock,indonesia,USDC
240,0.7418378119061598,140165795143.53546,351,S3_twin_shock,indonesia,USDC
241,0.7424668006179729,136661650264.93658,351,S3_twin_shock,indonesia,USDC
242,0.7522403628174833,133245109008.30525,351,S3_twin_shock,indonesia,USDC
243,0.74981312364091,129913981283.0915,351,S3_twin_shock,indonesia,USDC
244,0.7605336927771941,126666131751.00946,351,S3_twin_shock,indonesia,USDC
245,0.7688160281462607,123499478457.23056,351,S3_twin_shock,indonesia,USDC
246,0.7594006951760304,120411991495.79703,351,S3_twin_shock,indonesia,USDC
247,0.7665472370863983,117401691708.3999,351,S3_twin_shock,indonesia,USDC
248,0.7622173373521574,114466649415.68819,351,S3_twin_shock,indonesia,USDC
249,0.7797526010395905,111604983180.29462,351,S3_twin_shock,indonesia,USDC
250,0.7667669140013176,108814858600.78629,351,S3_twin_shock,indonesia,USDC
251,0.7991848290602157,106094487135.76575,351,S3_twin_shock,indonesia,USDC
252,0.7779173287764001,103442124957.371,351,S3_twin_shock,indonesia,USDC
253,0.772788819286059,100856071833.43619,351,S3_twin_shock,indonesia,USDC
254,0.7659852320791617,98334670037.59982,351,S3_twin_shock,indonesia,USDC
255,0.7581823492555747,95876303286.65945,351,S3_twin_shock,indonesia,USDC
256,0.7599270970385393,93479395704.49265,351,S3_twin_shock,indonesia,USDC
257,0.7681442846045063,91142410811.88008,351,S3_twin_shock,indonesia,USDC
258,0.7632110211279515,88863850541.58292,351,S3_twin_shock,indonesia,USDC
259,0.7568891295176022,86642254278.0432,351,S3_twin_shock,indonesia,USDC
260,0.7740879890467426,84476197921.09198,351,S3_twin_shock,indonesia,USDC
261,0.8095543465055091,82364292973.0646,351,S3_twin_shock,indonesia,USDC
262,0.8076113357401036,80305185648.73792,351,S3_twin_shock,indonesia,USDC
263,0.7834541182273683,78297556007.51942,351,S3_twin_shock,indonesia,USDC
264,0.7904870038588817,76340117107.33139,351,S3_twin_shock,indonesia,USDC
265,0.7813242891508282,74431614179.64807,351,S3_twin_shock,indonesia,USDC
266,0.7953554351937338,72570823825.15683,351,S3_twin_shock,indonesia,USDC
267,0.7933427405263614,70756553229.5279,351,S3_twin_shock,indonesia,USDC
268,0.8008495597117119,68987639398.78967,351,S3_twin_shock,indonesia,USDC
269,0.811627296784895,67262948413.81993,351,S3_twin_shock,indonesia,USDC
270,0.8301179846499913,65581374703.47443,351,S3_twin_shock,indonesia,USDC
271,0.8226611681098331,63941840335.88754,351,S3_twin_shock,indonesia,USDC
272,0.8443262171548503,62343294327.49036,351,S3_twin_shock,indonesia,USDC
273,0.8328829906636425,60784711969.303085,351,S3_twin_shock,indonesia,USDC
274,0.811937065574038,59265094170.07051,351,S3_twin_shock,indonesia,USDC
275,0.8404344912813629,57783466815.81874,351,S3_twin_shock,indonesia,USDC
276,0.8335411250502754,56338880145.42327,351,S3_twin_shock,indonesia,USDC
277,0.826056428705295,54930408141.78769,351,S3_twin_shock,indonesia,USDC
278,0.8214938927234878,53557147938.24299,351,S3_twin_shock,indonesia,USDC
279,0.8322053750333495,52218219239.78692,351,S3_twin_shock,indonesia,USDC
280,0.8352253349300802,50912763758.792244,351,S3_twin_shock,indonesia,USDC
281,0.8547238150745765,49639944664.82244,351,S3_twin_shock,indonesia,USDC
282,0.8541508383715789,48398946048.20187,351,S3_twin_shock,indonesia,USDC
283,0.8543858608083952,47188972396.996826,351,S3_twin_shock,indonesia,USDC
284,0.8686952585287905,46009248087.07191,351,S3_twin_shock,indonesia,USDC
285,0.8762720908839619,44859016884.89511,351,S3_twin_shock,indonesia,USDC
286,0.8335922471164117,43737541462.772736,351,S3_twin_shock,indonesia,USDC
287,0.8935407664466342,42644102926.203415,351,S3_twin_shock,indonesia,USDC
288,0.8883816808592506,41578000353.048325,351,S3_twin_shock,indonesia,USDC
289,0.8958279757041038,40538550344.22212,351,S3_twin_shock,indonesia,USDC
290,0.8928885991079001,39525086585.61657,351,S3_twin_shock,indonesia,USDC
291,0.8961250953877772,38536959420.97615,351,S3_twin_shock,indonesia,USDC
292,0.8998743062377379,37573535435.45175,351,S3_twin_shock,indonesia,USDC
293,0.9032756691893902,36634197049.56546,351,S3_twin_shock,indonesia,USDC
294,0.8861446909223256,35718342123.326324,351,S3_twin_shock,indonesia,USDC
295,0.8624780455620229,34825383570.243164,351,S3_twin_shock,indonesia,USDC
296,0.8512552768653043,33954748980.987083,351,S3_twin_shock,indonesia,USDC
297,0.8509511772081191,33105880256.462402,351,S3_twin_shock,indonesia,USDC
298,0.8517280919531547,32278233250.050846,351,S3_twin_shock,indonesia,USDC
299,0.8510739846979141,31471277418.799576,351,S3_twin_shock,indonesia,USDC
300,0.8517517393774584,30684495483.329586,351,S3_twin_shock,indonesia,USDC
301,0.8714212269510162,29917383096.246346,351,S3_twin_shock,indonesia,USDC
302,0.8386908843212282,29169448518.840187,351,S3_twin_shock,indonesia,USDC
303,0.8418295469798182,28440212305.869183,351,S3_twin_shock,indonesia,USDC
304,0.8193052909709174,27729206998.222454,351,S3_twin_shock,indonesia,USDC
305,0.8424678086061189,27035976823.26689,351,S3_twin_shock,indonesia,USDC
306,0.8394085878722306,26360077402.685226,351,S3_twin_shock,indonesia,USDC
307,0.8322816190312327,25701075467.618088,351,S3_twin_shock,indonesia,USDC
308,0.7997613814408835,25058548580.92764,351,S3_twin_shock,indonesia,USDC
309,0.8043603945877934,24432084866.40445,351,S3_twin_shock,indonesia,USDC
310,0.797979630188474,23821282744.744335,351,S3_twin_shock,indonesia,USDC
311,0.8107562124891345,23225750676.12573,351,S3_twin_shock,indonesia,USDC
312,0.81740956823339,22645106909.222584,351,S3_twin_shock,indonesia,USDC
313,0.8254915338409248,22078979236.49202,351,S3_twin_shock,indonesia,USDC
314,0.8348899683410937,21527004755.57972,351,S3_twin_shock,indonesia,USDC
315,0.8256402034917388,20988829636.690228,351,S3_twin_shock,indonesia,USDC
316,0.8169400841338399,20464108895.772972,351,S3_twin_shock,indonesia,USDC
317,0.8263895359959684,19952506173.378647,351,S3_twin_shock,indonesia,USDC
318,0.8034686470938209,19453693519.044178,351,S3_twin_shock,indonesia,USDC
319,0.7867607916859863,18967351181.068077,351,S3_twin_shock,indonesia,USDC
320,0.7583432023821863,18493167401.541374,351,S3_twin_shock,indonesia,USDC
321,0.7571549426412487,18030838216.50284,351,S3_twin_shock,indonesia,USDC
322,0.7497278022483727,17580067261.09027,351,S3_twin_shock,indonesia,USDC
323,0.7622612312198261,17140565579.563013,351,S3_twin_shock,indonesia,USDC
324,0.7563920777845338,16712051440.073936,351,S3_twin_shock,indonesia,USDC
325,0.7651646081858662,16294250154.072086,351,S3_twin_shock,indonesia,USDC
326,0.7551076167406529,15886893900.220285,351,S3_twin_shock,indonesia,USDC
327,0.7643650903995354,15489721552.714779,351,S3_twin_shock,indonesia,USDC
328,0.7561261927577958,15102478513.896908,351,S3_twin_shock,indonesia,USDC
329,0.7689928634556132,14724916551.049486,351,S3_twin_shock,indonesia,USDC
330,0.7735786423747222,14356793637.273247,351,S3_twin_shock,indonesia,USDC
331,0.7581572488979865,13997873796.341417,351,S3_twin_shock,indonesia,USDC
332,0.778952551726691,13647926951.432882,351,S3_twin_shock,indonesia,USDC
333,0.774140609969069,13306728777.64706,351,S3_twin_shock,indonesia,USDC
334,0.7541941973662284,12974060558.205885,351,S3_twin_shock,indonesia,USDC
335,0.7638309251808415,12649709044.250738,351,S3_twin_shock,indonesia,USDC
336,0.7794224691030102,12333466318.144468,351,S3_twin_shock,indonesia,USDC
337,0.7722018781183798,12025129660.190857,351,S3_twin_shock,indonesia,USDC
338,0.7777287078260063,11724501418.686087,351,S3_twin_shock,indonesia,USDC
339,0.7680599613189645,11431388883.218933,351,S3_twin_shock,indonesia,USDC
340,0.7428329693137586,11145604161.13846,351,S3_twin_shock,indonesia,USDC
341,0.7476901741279552,10866964057.109999,351,S3_twin_shock,indonesia,USDC
342,0.7689034547001551,10595289955.68225,351,S3_twin_shock,indonesia,USDC
343,0.7539283363164071,10330407706.790192,351,S3_twin_shock,indonesia,USDC
344,0.7806916010689097,10072147514.120438,351,S3_twin_shock,indonesia,USDC
345,0.7778285438913296,9820343826.267426,351,S3_twin_shock,indonesia,USDC
346,0.7648273792081463,9574835230.61074,351,S3_twin_shock,indonesia,USDC
347,0.773155877740587,9335464349.845472,351,S3_twin_shock,indonesia,USDC
348,0.7723609090724676,9102077741.099335,351,S3_twin_shock,indonesia,USDC
349,0.7662025898715763,8874525797.571852,351,S3_twin_shock,indonesia,USDC
350,0.7628085755574813,8652662652.632557,351,S3_twin_shock,indonesia,USDC
351,0.7742551827105552,8436346086.316742,351,S3_twin_shock,indonesia,USDC
352,0.7797250285185626,8225437434.158823,351,S3_twin_shock,indonesia,USDC
353,0.7778385732777755,8019801498.304853,351,S3_twin_shock,indonesia,USDC
354,0.769975110677471,7819306460.847231,351,S3_twin_shock,indonesia,USDC
355,0.7704233637452638,7623823799.32605,351,S3_twin_shock,indonesia,USDC
356,0.7628627117473377,7433228204.342899,351,S3_twin_shock,indonesia,USDC
357,0.7495888989987596,7247397499.234327,351,S3_twin_shock,indonesia,USDC
358,0.7912078735982346,7066212561.753469,351,S3_twin_shock,indonesia,USDC
359,0.7827074331324667,6889557247.709633,351,S3_twin_shock,indonesia,USDC
360,0.7835967951873338,6717318316.5168915,351,S3_twin_shock,indonesia,USDC
361,0.789005282840827,6549385358.60397,351,S3_twin_shock,indonesia,USDC
362,0.7762735609143606,6385650724.63887,351,S3_twin_shock,indonesia,USDC
363,0.7700253597346287,6226009456.522899,351,S3_twin_shock,indonesia,USDC
364,0.7714348409705652,6070359220.109826,351,S3_twin_shock,indonesia,USDC
365,0.769847481638766,5918600239.60708,351,S3_twin_shock,indonesia,USDC
366,0.7536604243897977,5770635233.616903,351,S3_twin_shock,indonesia,USDC
367,0.7545848180970247,5626369352.776481,351,S3_twin_shock,indonesia,USDC
368,0.7786439546325802,5485710118.957069,351,S3_twin_shock,indonesia,USDC
369,0.8048676647496357,5348567365.983143,351,S3_twin_shock,indonesia,USDC
370,0.8012889277051537,5214853181.833565,351,S3_twin_shock,indonesia,USDC
371,0.7959832004878395,5084481852.2877245,351,S3_twin_shock,indonesia,USDC
372,0.8130548768196182,4957369805.980532,351,S3_twin_shock,indonesia,USDC
373,0.8193999346481915,4833435560.831018,351,S3_twin_shock,indonesia,USDC
374,0.8140584511427452,4712599671.810244,351,S3_twin_shock,indonesia,USDC
375,0.7998122014500603,4594784680.014987,351,S3_twin_shock,indonesia,USDC
376,0.7824060057733392,4479915063.014612,351,S3_twin_shock,indonesia,USDC
377,0.778362935529481,4367917186.439247,351,S3_twin_shock,indonesia,USDC
378,0.7911396509105008,4258719256.778266,351,S3_twin_shock,indonesia,USDC
379,0.7598595668304416,4152251275.3588095,351,S3_twin_shock,indonesia,USDC
380,0.7538028218574129,4048444993.4748387,351,S3_twin_shock,indonesia,USDC
381,0.74318333400983,3947233868.637968,351,S3_twin_shock,indonesia,USDC
382,0.7230697889010026,3848553021.922019,351,S3_twin_shock,indonesia,USDC
383,0.7139569356081038,3752339196.373968,351,S3_twin_shock,indonesia,USDC
384,0.7303246347967104,3658530716.464619,351,S3_twin_shock,indonesia,USDC
385,0.7427729607805456,3567067448.5530043,351,S3_twin_shock,indonesia,USDC
386,0.7480447590287741,3477890762.3391786,351,S3_twin_shock,indonesia,USDC
387,0.7439392161065432,3390943493.2806993,351,S3_twin_shock,indonesia,USDC
388,0.7317315969927886,3306169905.948682,351,S3_twin_shock,indonesia,USDC
389,0.7508426158521535,3223515658.299965,351,S3_twin_shock,indonesia,USDC
390,0.7593094312189781,3142927766.8424654,351,S3_twin_shock,indonesia,USDC
391,0.7603426243514654,3064354572.671404,351,S3_twin_shock,indonesia,USDC
392,0.776937790669934,2987745708.354619,351,S3_twin_shock,indonesia,USDC
393,0.7844704977521715,2913052065.6457534,351,S3_twin_shock,indonesia,USDC
394,0.785890274720394,2840225764.0046096,351,S3_twin_shock,indonesia,USDC
395,0.7748069034696978,2769220119.9044943,351,S3_twin_shock,indonesia,USDC
396,0.7673963151586903,2699989616.906882,351,S3_twin_shock,indonesia,USDC
397,0.7670577624886321,2632489876.4842095,351,S3_twin_shock,indonesia,USDC
398,0.7607956529493614,2566677629.5721045,351,S3_twin_shock,indonesia,USDC
399,0.7549816043970755,2502510688.832802,351,S3_twin_shock,indonesia,USDC
400,0.7728735008007327,2439947921.6119814,351,S3_twin_shock,indonesia,USDC
401,0.7695524141181505,2378949223.571682,351,S3_twin_shock,indonesia,USDC
402,0.7747655905105111,2319475492.9823904,351,S3_twin_shock,indonesia,USDC
403,0.7948866183552411,2261488605.65783,351,S3_twin_shock,indonesia,USDC
404,0.8209591652322932,2204951390.5163846,351,S3_twin_shock,indonesia,USDC
405,0.8067549144949033,2149827605.7534747,351,S3_twin_shock,indonesia,USDC
406,0.7974147043913584,2096081915.609638,351,S3_twin_shock,indonesia,USDC
407,0.8164407267613852,2043679867.719397,351,S3_twin_shock,indonesia,USDC
408,0.7964186956602359,1992587871.026412,351,S3_twin_shock,indonesia,USDC
409,0.8265246676770895,1942773174.2507515,351,S3_twin_shock,indonesia,USDC
410,0.8357820449968082,1894203844.8944826,351,S3_twin_shock,indonesia,USDC
411,0.8117152982591307,1846848748.7721207,351,S3_twin_shock,indonesia,USDC
412,0.8093572279920699,1800677530.0528178,351,S3_twin_shock,indonesia,USDC
413,0.8010199167022667,1755660591.801497,351,S3_twin_shock,indonesia,USDC
414,0.8073480317893466,1711769077.0064597,351,S3_twin_shock,indonesia,USDC
415,0.8346159661304073,1668974850.081298,351,S3_twin_shock,indonesia,USDC
416,0.8298652048165981,1627250478.8292656,351,S3_twin_shock,indonesia,USDC
417,0.8246861974314619,1586569216.858534,351,S3_twin_shock,indonesia,USDC
418,0.8164273704336645,1546904986.4370706,351,S3_twin_shock,indonesia,USDC
419,0.8041320920041466,1508232361.7761438,351,S3_twin_shock,indonesia,USDC
420,0.776225384266545,1470526552.7317402,351,S3_twin_shock,indonesia,USDC
421,0.7796537633380668,1433763388.9134467,351,S3_twin_shock,indonesia,USDC
422,0.7878570344004611,1397919304.1906104,351,S3_twin_shock,indonesia,USDC
423,0.8107982264009101,1362971321.5858452,351,S3_twin_shock,indonesia,USDC
424,0.8180925224995041,1328897038.546199,351,S3_twin_shock,indonesia,USDC
425,0.8148402458058204,1295674612.5825443,351,S3_twin_shock,indonesia,USDC
426,0.8097030958316762,1263282747.2679806,351,S3_twin_shock,indonesia,USDC
427,0.8193309838524634,1231700678.586281,351,S3_twin_shock,indonesia,USDC
428,0.8175870118943416,1200908161.621624,351,S3_twin_shock,indonesia,USDC
429,0.8207748474075408,1170885457.5810835,351,S3_twin_shock,indonesia,USDC
430,0.8116346439779266,1141613321.1415563,351,S3_twin_shock,indonesia,USDC
431,0.7697069211657159,1113072988.1130176,351,S3_twin_shock,indonesia,USDC
432,0.7445803851352052,1085246163.410192,351,S3_twin_shock,indonesia,USDC
433,0.7496647703814874,1058115009.3249373,351,S3_twin_shock,indonesia,USDC
434,0.7511242868864955,1031662134.0918138,351,S3_twin_shock,indonesia,USDC
435,0.7440394087648818,1005870580.7395184,351,S3_twin_shock,indonesia,USDC
436,0.742186179738628,980723816.2210305,351,S3_twin_shock,indonesia,USDC
437,0.7275713669541805,956205720.8155048,351,S3_twin_shock,indonesia,USDC
438,0.7291960049254516,932300577.7951171,351,S3_twin_shock,indonesia,USDC
439,0.7342477201481906,908993063.350239,351,S3_twin_shock,indonesia,USDC
440,0.7150578264673356,886268236.7664832,351,S3_twin_shock,indonesia,USDC
441,0.7181202357459412,864111530.847321,351,S3_twin_shock,indonesia,USDC
442,0.7328046486300992,842508742.576138,351,S3_twin_shock,indonesia,USDC
443,0.7149585149808122,821446024.0117347,351,S3_twin_shock,indonesia,USDC
444,0.7104609532908722,800909873.4114413,351,S3_twin_shock,indonesia,USDC
445,0.7221102712524575,780887126.5761552,351,S3_twin_shock,indonesia,USDC
446,0.7361382770203925,761364948.4117513,351,S3_twin_shock,indonesia,USDC
447,0.7494147695588906,742330824.7014576,351,S3_twin_shock,indonesia,USDC
448,0.7773650413522505,723772554.0839211,351,S3_twin_shock,indonesia,USDC
449,0.7610173620731021,705678240.2318231,351,S3_twin_shock,indonesia,USDC
450,0.7550190114751973,688036284.2260275,351,S3_twin_shock,indonesia,USDC
451,0.7309395834861446,670835377.1203768,351,S3_twin_shock,indonesia,USDC
452,0.7393361052832023,654064492.6923673,351,S3_twin_shock,indonesia,USDC
453,0.7640156982433605,637712880.3750582,351,S3_twin_shock,indonesia,USDC
454,0.7783493099051207,621770058.3656816,351,S3_twin_shock,indonesia,USDC
455,0.780926457666092,606225806.9065397,351,S3_twin_shock,indonesia,USDC
456,0.7629923603052612,591070161.7338761,351,S3_twin_shock,indonesia,USDC
457,0.7649320022792889,576293407.6905293,351,S3_twin_shock,indonesia,USDC
458,0.7701900448580269,561886072.4982661,351,S3_twin_shock,indonesia,USDC
459,0.6738363604246841,547838920.6858094,351,S3_twin_shock,indonesia,USDC
460,0.6912746150303412,534142947.6686642,351,S3_twin_shock,indonesia,USDC
461,0.6871190029196423,520789373.9769476,351,S3_twin_shock,indonesia,USDC
462,0.6933802628860672,507769639.6275239,351,S3_twin_shock,indonesia,USDC
463,0.7039986789018637,495075398.6368358,351,S3_twin_shock,indonesia,USDC
464,0.7061940456819484,482698513.67091495,351,S3_twin_shock,indonesia,USDC
465,0.6958879632187569,470631050.82914203,351,S3_twin_shock,indonesia,USDC
466,0.7286761229813069,458865274.5584135,351,S3_twin_shock,indonesia,USDC
467,0.7338232771908932,447393642.6944531,351,S3_twin_shock,indonesia,USDC
468,0.7703882239725854,436208801.6270918,351,S3_twin_shock,indonesia,USDC
469,0.7516899189196343,425303581.5864145,351,S3_twin_shock,indonesia,USDC
470,0.7766627035728048,414670992.0467541,351,S3_twin_shock,indonesia,USDC
471,0.7772988802412347,404304217.2455853,351,S3_twin_shock,indonesia,USDC
472,0.7661271752146026,394196611.8144457,351,S3_twin_shock,indonesia,USDC
473,0.7688083983317248,384341696.5190845,351,S3_twin_shock,indonesia,USDC
474,0.750946072774186,374733154.1061074,351,S3_twin_shock,indonesia,USDC
475,0.7435612036081173,365364825.25345474,351,S3_twin_shock,indonesia,USDC
476,0.7593536409484944,356230704.62211835,351,S3_twin_shock,indonesia,USDC
477,0.7735659680011564,347324937.0065654,351,S3_twin_shock,indonesia,USDC
478,0.7669646834447535,338641813.5814013,351,S3_twin_shock,indonesia,USDC
479,0.7483705748475905,330175768.24186623,351,S3_twin_shock,indonesia,USDC
480,0.7376877855484841,321921374.0358196,351,S3_twin_shock,indonesia,USDC
481,0.7378023421412974,313873339.68492407,351,S3_twin_shock,indonesia,USDC
482,0.7447254669247714,306026506.192801,351,S3_twin_shock,indonesia,USDC
483,0.7521722784802509,298375843.537981,351,S3_twin_shock,indonesia,USDC
484,0.745213584718089,290916447.44953144,351,S3_twin_shock,indonesia,USDC
485,0.7299664874799909,283643536.26329315,351,S3_twin_shock,indonesia,USDC
486,0.740541648839536,276552447.8567108,351,S3_twin_shock,indonesia,USDC
487,0.7500503613400595,269638636.66029304,351,S3_twin_shock,indonesia,USDC
488,0.7659917673954871,262897670.74378574,351,S3_twin_shock,indonesia,USDC
489,0.7925017285457544,256325228.9751911,351,S3_twin_shock,indonesia,USDC
490,0.7862826485164738,249917098.25081134,351,S3_twin_shock,indonesia,USDC
491,0.7882668559942562,243669170.79454106,351,S3_twin_shock,indonesia,USDC
492,0.7715861629284431,237577441.52467752,351,S3_twin_shock,indonesia,USDC
493,0.7682870175199995,231638005.48656058,351,S3_twin_shock,indonesia,USDC
494,0.7695970932627741,225847055.34939656,351,S3_twin_shock,indonesia,USDC
495,0.7711998230479862,220200878.96566164,351,S3_twin_shock,indonesia,USDC
496,0.7413491073881255,214695856.9915201,351,S3_twin_shock,indonesia,USDC
497,0.7603298776750859,209328460.5667321,351,S3_twin_shock,indonesia,USDC
498,0.7877468594411051,204095249.0525638,351,S3_twin_shock,indonesia,USDC
499,0.7915612516556538,198992867.82624972,351,S3_twin_shock,indonesia,USDC
500,0.7760972925608989,194018046.13059345,351,S3_twin_shock,indonesia,USDC
501,0.7895174923366353,189167594.97732863,351,S3_twin_shock,indonesia,USDC
502,0.794231491546942,184438405.1028954,351,S3_twin_shock,indonesia,USDC
503,0.7972668897191494,179827444.97532302,351,S3_twin_shock,indonesia,USDC
504,0.8179842874876214,175331758.85093996,351,S3_twin_shock,indonesia,USDC
505,0.7960758571197513,170948464.87966645,351,S3_twin_shock,indonesia,USDC
506,0.7804882902208153,166674753.25767478,351,S3_twin_shock,indonesia,USDC
507,0.7802068868886005,162507884.4262329,351,S3_twin_shock,indonesia,USDC
508,0.7967968487481245,158445187.3155771,351,S3_twin_shock,indonesia,USDC
509,0.7946963793828546,154484057.63268766,351,S3_twin_shock,indonesia,USDC
510,0.7753673300478825,150621956.19187045,351,S3_twin_shock,indonesia,USDC
511,0.7798662885321523,146856407.2870737,351,S3_twin_shock,indonesia,USDC
512,0.796492923658138,143184997.10489684,351,S3_twin_shock,indonesia,USDC
513,0.7924644471133684,139605372.17727444,351,S3_twin_shock,indonesia,USDC
514,0.776414999795875,136115237.87284258,351,S3_twin_shock,indonesia,USDC
515,0.7651608708400084,132712356.9260215,351,S3_twin_shock,indonesia,USDC
516,0.6697848355305579,129394548.00287098,351,S3_twin_shock,indonesia,USDC
517,0.6799177765446429,126159684.3027992,351,S3_twin_shock,indonesia,USDC
518,0.6742477533312481,123005692.19522923,351,S3_twin_shock,indonesia,USDC
519,0.6723180418729321,119930549.8903485,351,S3_twin_shock,indonesia,USDC
520,0.6807861950828661,116932286.14308977,351,S3_twin_shock,indonesia,USDC
521,0.6701413323097621,114008978.98951253,351,S3_twin_shock,indonesia,USDC
522,0.689117800146035,111158754.51477471,351,S3_twin_shock,indonesia,USDC
523,0.6860939107794273,108379785.65190534,351,S3_twin_shock,indonesia,USDC
524,0.6903834959574573,105670291.01060772,351,S3_twin_shock,indonesia,USDC
525,0.6969973144430412,103028533.73534253,351,S3_twin_shock,indonesia,USDC
526,0.701398507222025,100452820.39195895,351,S3_twin_shock,indonesia,USDC
527,0.7081484880275938,97941499.88215998,351,S3_twin_shock,indonesia,USDC
528,0.7174579417171957,95492962.385106,351,S3_twin_shock,indonesia,USDC
529,0.7475381391423797,93105638.32547835,351,S3_twin_shock,indonesia,USDC
530,0.7284774990592527,90777997.36734137,351,S3_twin_shock,indonesia,USDC
531,0.7277344458449142,88508547.43315785,351,S3_twin_shock,indonesia,USDC
532,0.7220571210613088,86295833.7473289,351,S3_twin_shock,indonesia,USDC
533,0.7348009114642637,84138437.90364568,351,S3_twin_shock,indonesia,USDC
534,0.739538991628291,82034976.95605452,351,S3_twin_shock,indonesia,USDC
535,0.7604573951561733,79984102.53215316,351,S3_twin_shock,indonesia,USDC
536,0.7734606086675734,77984499.96884935,351,S3_twin_shock,indonesia,USDC
537,0.7634172023555609,76034887.46962811,351,S3_twin_shock,indonesia,USDC
538,0.7572162477825124,74134015.2828874,351,S3_twin_shock,indonesia,USDC
539,0.7818915229543385,72280664.90081522,351,S3_twin_shock,indonesia,USDC
540,0.7942423505144257,70473648.27829483,351,S3_twin_shock,indonesia,USDC
541,0.7973068367526516,68711807.07133746,351,S3_twin_shock,indonesia,USDC
542,0.7851865834771412,66994011.894554034,351,S3_twin_shock,indonesia,USDC
543,0.8024102588269738,65319161.59719017,351,S3_twin_shock,indonesia,USDC
544,0.8004319013764947,63686182.55726042,351,S3_twin_shock,indonesia,USDC
545,0.7927696016980739,62094027.993328914,351,S3_twin_shock,indonesia,USDC
546,0.8024318829442395,60541677.293495685,351,S3_twin_shock,indonesia,USDC
547,0.7824061380343031,59028135.36115829,351,S3_twin_shock,indonesia,USDC
548,0.7798508474949534,57552431.977129325,351,S3_twin_shock,indonesia,USDC
549,0.7942472558643362,56113621.1777011,351,S3_twin_shock,indonesia,USDC
550,0.7953741063088037,54710780.64825857,351,S3_twin_shock,indonesia,USDC
551,0.7955220567250104,53343011.13205211,351,S3_twin_shock,indonesia,USDC
552,0.7975995101926094,52009435.853750795,351,S3_twin_shock,indonesia,USDC
553,0.8177491571680414,50709199.95740703,351,S3_twin_shock,indonesia,USDC
554,0.8199422695399157,49441469.95847185,351,S3_twin_shock,indonesia,USDC
555,0.8231448461655714,48205433.20951005,351,S3_twin_shock,indonesia,USDC
556,0.8156034082930034,47000297.379272304,351,S3_twin_shock,indonesia,USDC
557,0.8024464701005352,45825289.9447905,351,S3_twin_shock,indonesia,USDC
558,0.7962267008627419,44679657.69617073,351,S3_twin_shock,indonesia,USDC
559,0.7918611966477285,43562666.25376646,351,S3_twin_shock,indonesia,USDC
560,0.7553827725345051,42473599.5974223,351,S3_twin_shock,indonesia,USDC
561,0.7416773384829981,41411759.60748675,351,S3_twin_shock,indonesia,USDC
562,0.7336672054166767,40376465.61729958,351,S3_twin_shock,indonesia,USDC
563,0.7497048970120153,39367053.97686709,351,S3_twin_shock,indonesia,USDC
564,0.7671959810566655,38382877.62744541,351,S3_twin_shock,indonesia,USDC
565,0.7852986330581244,37423305.68675927,351,S3_twin_shock,indonesia,USDC
566,0.7638374870562756,36487723.044590294,351,S3_twin_shock,indonesia,USDC
567,0.7427260385714638,35575529.968475536,351,S3_twin_shock,indonesia,USDC
568,0.7634290268846692,34686141.71926364,351,S3_twin_shock,indonesia,USDC
569,0.7504990511157997,33818988.176282056,351,S3_twin_shock,indonesia,USDC
570,0.7345138388209312,32973513.471875004,351,S3_twin_shock,indonesia,USDC
571,0.7371827448384594,32149175.63507813,351,S3_twin_shock,indonesia,USDC
572,0.7286664180551117,31345446.244201176,351,S3_twin_shock,indonesia,USDC
573,0.7310986424063888,30561810.08809614,351,S3_twin_shock,indonesia,USDC
574,0.7401966035235611,29797764.835893743,351,S3_twin_shock,indonesia,USDC
575,0.7439327789318657,29052820.714996397,351,S3_twin_shock,indonesia,USDC
576,0.7621225244549882,28326500.197121486,351,S3_twin_shock,indonesia,USDC
577,0.7596545595787239,27618337.69219345,351,S3_twin_shock,indonesia,USDC
578,0.7544794252034743,26927879.249888614,351,S3_twin_shock,indonesia,USDC
579,0.7522825332982878,26254682.268641397,351,S3_twin_shock,indonesia,USDC
580,0.7442166514253429,25598315.211925365,351,S3_twin_shock,indonesia,USDC
581,0.7809143709577305,24958357.331627227,351,S3_twin_shock,indonesia,USDC
582,0.7678517361403678,24334398.39833655,351,S3_twin_shock,indonesia,USDC
583,0.7733373385730108,23726038.438378137,351,S3_twin_shock,indonesia,USDC
584,0.7549687402269527,23132887.477418683,351,S3_twin_shock,indonesia,USDC
585,0.7606931017089471,22554565.290483214,351,S3_twin_shock,indonesia,USDC
586,0.761347231506042,21990701.158221133,351,S3_twin_shock,indonesia,USDC
587,0.7628454584191753,21440933.629265606,351,S3_twin_shock,indonesia,USDC
588,0.7836858447346016,20904910.288533963,351,S3_twin_shock,indonesia,USDC
589,0.7933340532789855,20382287.531320617,351,S3_twin_shock,indonesia,USDC
590,0.7764161781589554,19872730.3430376,351,S3_twin_shock,indonesia,USDC
591,0.7781599719104414,19375912.08446166,351,S3_twin_shock,indonesia,USDC
592,0.7557474717514325,18891514.28235012,351,S3_twin_shock,indonesia,USDC
593,0.7682608489100983,18419226.425291367,351,S3_twin_shock,indonesia,USDC
594,0.7943361099643905,17958745.76465908,351,S3_twin_shock,indonesia,USDC
595,0.7850586034239245,17509777.120542604,351,S3_twin_shock,indonesia,USDC
596,0.7818010337375174,17072032.692529038,351,S3_twin_shock,indonesia,USDC
597,0.7641638515900795,16645231.875215814,351,S3_twin_shock,indonesia,USDC
598,0.7840780984833314,16229101.07833542,351,S3_twin_shock,indonesia,USDC
599,0.7812570965254212,15823373.551377034,351,S3_twin_shock,indonesia,USDC
600,0.7907594747232198,15427789.212592607,351,S3_twin_shock,indonesia,USDC
601,0.8047096567952348,15042094.482277792,351,S3_twin_shock,indonesia,USDC
602,0.8118988798306104,14666042.120220847,351,S3_twin_shock,indonesia,USDC
603,0.7916919633946566,14299391.067215327,351,S3_twin_shock,indonesia,USDC
604,0.7621912409737389,13941906.290534943,351,S3_twin_shock,indonesia,USDC
605,0.7911763804507956,13593358.633271571,351,S3_twin_shock,indonesia,USDC
606,0.7794200862111602,13253524.667439781,351,S3_twin_shock,indonesia,USDC
607,0.7725931363951739,12922186.550753787,351,S3_twin_shock,indonesia,USDC
608,0.7570484047443172,12599131.88698494,351,S3_twin_shock,indonesia,USDC
609,0.7580488210071893,12284153.589810317,351,S3_twin_shock,indonesia,USDC
610,0.7613691641609375,11977049.75006506,351,S3_twin_shock,indonesia,USDC
611,0.7681457368702425,11677623.506313434,351,S3_twin_shock,indonesia,USDC
612,0.7810992162335676,11385682.918655599,351,S3_twin_shock,indonesia,USDC
613,0.8055159166294961,11101040.845689207,351,S3_twin_shock,indonesia,USDC
614,0.7925783256485669,10823514.824546978,351,S3_twin_shock,indonesia,USDC
615,0.7936606035575224,10552926.953933304,351,S3_twin_shock,indonesia,USDC
616,0.8042096663493554,10289103.780084971,351,S3_twin_shock,indonesia,USDC
617,0.7836303477115473,10031876.185582846,351,S3_twin_shock,indonesia,USDC
618,0.7894117819806138,9781079.280943274,351,S3_twin_shock,indonesia,USDC
619,0.7858836329131017,9536552.298919693,351,S3_twin_shock,indonesia,USDC
620,0.7778437504315497,9298138.491446702,351,S3_twin_shock,indonesia,USDC
621,0.7914443703418884,9065685.029160533,351,S3_twin_shock,indonesia,USDC
622,0.7993688239899235,8839042.90343152,351,S3_twin_shock,indonesia,USDC
623,0.814181355963657,8618066.830845732,351,S3_twin_shock,indonesia,USDC
624,0.7966115596775887,8402615.160074588,351,S3_twin_shock,indonesia,USDC
625,0.7973806890837419,8192549.781072725,351,S3_twin_shock,indonesia,USDC
626,0.7748240577732304,7987736.036545906,351,S3_twin_shock,indonesia,USDC
627,0.7848057227685534,7788042.635632259,351,S3_twin_shock,indonesia,USDC
628,0.7786332370329411,7593341.569741453,351,S3_twin_shock,indonesia,USDC
629,0.7690668483386145,7403508.030497917,351,S3_twin_shock,indonesia,USDC
630,0.7563039169990271,7218420.329735468,351,S3_twin_shock,indonesia,USDC
631,0.7583991871475734,7037959.8214920815,351,S3_twin_shock,indonesia,USDC
632,0.7634872341767397,6862010.82595478,351,S3_twin_shock,indonesia,USDC
633,0.7404812824473543,6690460.555305909,351,S3_twin_shock,indonesia,USDC
634,0.7271499111692097,6523199.041423262,351,S3_twin_shock,indonesia,USDC
635,0.747772186652515,6360119.065387681,351,S3_twin_shock,indonesia,USDC
636,0.7380892762481417,6201116.088752989,351,S3_twin_shock,indonesia,USDC
637,0.711825459691842,6046088.1865341645,351,S3_twin_shock,indonesia,USDC
638,0.7110120724464086,5894935.98187081,351,S3_twin_shock,indonesia,USDC
639,0.7313639007714773,5747562.58232404,351,S3_twin_shock,indonesia,USDC
640,0.7536661628527369,5603873.517765938,351,S3_twin_shock,indonesia,USDC
641,0.7680136417567128,5463776.67982179,351,S3_twin_shock,indonesia,USDC
642,0.753306536360332,5327182.262826245,351,S3_twin_shock,indonesia,USDC
643,0.7816043199843004,5194002.706255589,351,S3_twin_shock,indonesia,USDC
644,0.7565256826362763,5064152.638599199,351,S3_twin_shock,indonesia,USDC
645,0.7364720889816067,4937548.822634219,351,S3_twin_shock,indonesia,USDC
646,0.7353452900047835,4814110.102068364,351,S3_twin_shock,indonesia,USDC
647,0.7391781980553882,4693757.349516654,351,S3_twin_shock,indonesia,USDC
648,0.7454708633841446,4576413.415778738,351,S3_twin_shock,indonesia,USDC
649,0.7611301027083736,4462003.080384269,351,S3_twin_shock,indonesia,USDC
650,0.7761058244365886,4350453.003374662,351,S3_twin_shock,indonesia,USDC
651,0.7466987786485838,4241691.678290296,351,S3_twin_shock,indonesia,USDC
652,0.7790492355417067,4135649.386333039,351,S3_twin_shock,indonesia,USDC
653,0.7760884259483636,4032258.151674713,351,S3_twin_shock,indonesia,USDC
654,0.7588300599048702,3931451.697882845,351,S3_twin_shock,indonesia,USDC
655,0.7571704546624842,3833165.4054357745,351,S3_twin_shock,indonesia,USDC
656,0.7535957391012094,3737336.27029988,351,S3_twin_shock,indonesia,USDC
657,0.7688049638042184,3643902.8635423826,351,S3_twin_shock,indonesia,USDC
658,0.7591389935465079,3552805.2919538235,351,S3_twin_shock,indonesia,USDC
659,0.7536660054459483,3463985.1596549777,351,S3_twin_shock,indonesia,USDC
660,0.7594526073842343,3377385.5306636035,351,S3_twin_shock,indonesia,USDC
661,0.744023271626294,3292950.8923970135,351,S3_twin_shock,indonesia,USDC
662,0.7481091139103426,3210627.120087088,351,S3_twin_shock,indonesia,USDC
663,0.7491769821953524,3130361.4420849113,351,S3_twin_shock,indonesia,USDC
664,0.7302334480996516,3052102.406032788,351,S3_twin_shock,indonesia,USDC
665,0.7527506444559158,2975799.8458819687,351,S3_twin_shock,indonesia,USDC
666,0.7533908587931013,2901404.8497349196,351,S3_twin_shock,indonesia,USDC
667,0.7462643086379497,2828869.728491546,351,S3_twin_shock,indonesia,USDC
668,0.747846755480019,2758147.985279258,351,S3_twin_shock,indonesia,USDC
669,0.7489334869832817,2689194.2856472763,351,S3_twin_shock,indonesia,USDC
670,0.7517128439903064,2621964.4285060945,351,S3_twin_shock,indonesia,USDC
671,0.7378437815524306,2556415.3177934424,351,S3_twin_shock,indonesia,USDC
672,0.7100925694744977,2492504.934848606,351,S3_twin_shock,indonesia,USDC
673,0.7218398590389218,2430192.311477391,351,S3_twin_shock,indonesia,USDC
674,0.7243637151982096,2369437.503690456,351,S3_twin_shock,indonesia,USDC
675,0.7299021594910999,2310201.5660981946,351,S3_twin_shock,indonesia,USDC
676,0.7467334858996766,2252446.52694574,351,S3_twin_shock,indonesia,USDC
677,0.748148649225676,2196135.363772096,351,S3_twin_shock,indonesia,USDC
678,0.743804123545077,2141231.9796777936,351,S3_twin_shock,indonesia,USDC
679,0.7601187975495849,2087701.180185849,351,S3_twin_shock,indonesia,USDC
680,0.7767815894105542,2035508.6506812028,351,S3_twin_shock,indonesia,USDC
681,0.7808992870244352,1984620.9344141728,351,S3_twin_shock,indonesia,USDC
682,0.8027545594871232,1935005.4110538184,351,S3_twin_shock,indonesia,USDC
683,0.8271526056420372,1886630.275777473,351,S3_twin_shock,indonesia,USDC
684,0.8206797238315828,1839464.5188830364,351,S3_twin_shock,indonesia,USDC
685,0.8453967489331056,1793477.9059109604,351,S3_twin_shock,indonesia,USDC
686,0.8523449551078403,1748640.9582631863,351,S3_twin_shock,indonesia,USDC
687,0.8383385626001141,1704924.9343066067,351,S3_twin_shock,indonesia,USDC
688,0.8440965711852707,1662301.8109489414,351,S3_twin_shock,indonesia,USDC
689,0.8514170053773283,1620744.2656752178,351,S3_twin_shock,indonesia,USDC
690,0.8347309636732606,1580225.6590333374,351,S3_twin_shock,indonesia,USDC
691,0.8217211232410054,1540720.0175575041,351,S3_twin_shock,indonesia,USDC
692,0.7957016734508429,1502202.0171185664,351,S3_twin_shock,indonesia,USDC
693,0.7945589579591152,1464646.9666906022,351,S3_twin_shock,indonesia,USDC
694,0.8133683664640661,1428030.792523337,351,S3_twin_shock,indonesia,USDC
695,0.7988777464250976,1392330.022710254,351,S3_twin_shock,indonesia,USDC
696,0.7754813343409395,1357521.7721424974,351,S3_twin_shock,indonesia,USDC
697,0.7708156801451779,1323583.7278389349,351,S3_twin_shock,indonesia,USDC
698,0.7578463385340483,1290494.1346429617,351,S3_twin_shock,indonesia,USDC
699,0.758279256623149,1258231.7812768877,351,S3_twin_shock,indonesia,USDC
700,0.7439000663039749,1226775.9867449654,351,S3_twin_shock,indonesia,USDC
701,0.764130986540579,1196106.5870763413,351,S3_twin_shock,indonesia,USDC
702,0.7549125097840165,1166203.9223994326,351,S3_twin_shock,indonesia,USDC
703,0.7512981189820535,1137048.8243394468,351,S3_twin_shock,indonesia,USDC
704,0.7519353468214478,1108622.6037309607,351,S3_twin_shock,indonesia,USDC
705,0.7888458199060272,1080907.0386376868,351,S3_twin_shock,indonesia,USDC
706,0.7750446110919236,1053884.3626717445,351,S3_twin_shock,indonesia,USDC
707,0.7791249129766146,1027537.2536049508,351,S3_twin_shock,indonesia,USDC
708,0.7833127498085374,1001848.8222648271,351,S3_twin_shock,indonesia,USDC
709,0.7793468455810972,976802.6017082065,351,S3_twin_shock,indonesia,USDC
710,0.8055555352842281,952382.5366655013,351,S3_twin_shock,indonesia,USDC
711,0.787980609646029,928572.9732488637,351,S3_twin_shock,indonesia,USDC
712,0.7852547318273112,905358.6489176422,351,S3_twin_shock,indonesia,USDC
713,0.7648526693134382,882724.682694701,351,S3_twin_shock,indonesia,USDC
714,0.7806257923551174,860656.5656273335,351,S3_twin_shock,indonesia,USDC
715,0.7882031906304331,839140.1514866501,351,S3_twin_shock,indonesia,USDC
716,0.7940377437382425,818161.6476994839,351,S3_twin_shock,indonesia,USDC
717,0.7842801579217763,797707.6065069968,351,S3_twin_shock,indonesia,USDC
718,0.7953344156500274,777764.9163443219,351,S3_twin_shock,indonesia,USDC
719,0.8110146621679603,758320.7934357139,351,S3_twin_shock,indonesia,USDC
720,0.7773652265547373,739362.773599821,351,S3_twin_shock,indonesia,USDC
721,0.7817421678565551,720878.7042598255,351,S3_twin_shock,indonesia,USDC
722,0.7741199452435019,702856.7366533298,351,S3_twin_shock,indonesia,USDC
723,0.8068731517913029,685285.3182369967,351,S3_twin_shock,indonesia,USDC
724,0.8138171079929549,668153.1852810717,351,S3_twin_shock,indonesia,USDC
725,0.8065329398908313,651449.355649045,351,S3_twin_shock,indonesia,USDC
726,0.8146893633300549,635163.1217578189,351,S3_twin_shock,indonesia,USDC
727,0.8191835908889151,619284.0437138734,351,S3_twin_shock,indonesia,USDC
728,0.8036389537110539,603801.9426210264,351,S3_twin_shock,indonesia,USDC
729,0.77668611088306,588706.8940555009,351,S3_twin_shock,indonesia,USDC
730,0.7896740871463741,573989.2217041133,351,S3_twin_shock,indonesia,USDC
731,0.7918786531053416,559639.4911615105,351,S3_twin_shock,indonesia,USDC
732,0.7768876023892648,545648.5038824728,351,S3_twin_shock,indonesia,USDC
733,0.7652296837677042,532007.291285411,351,S3_twin_shock,indonesia,USDC
734,0.7536240151912207,518707.10900327563,351,S3_twin_shock,indonesia,USDC
735,0.7495539405557855,505739.4312781938,351,S3_twin_shock,indonesia,USDC
736,0.7561974029645294,493095.9454962389,351,S3_twin_shock,indonesia,USDC
737,0.7800643085729088,480768.54685883294,351,S3_twin_shock,indonesia,USDC
738,0.763142857311868,468749.3331873622,351,S3_twin_shock,indonesia,USDC
739,0.7858597441485583,457030.5998576781,351,S3_twin_shock,indonesia,USDC
740,0.7786897045681215,445604.83486123616,351,S3_twin_shock,indonesia,USDC
741,0.7539857207460946,434464.71398970525,351,S3_twin_shock,indonesia,USDC
742,0.760547036909648,423603.09613996267,351,S3_twin_shock,indonesia,USDC
743,0.7453062696885135,413013.0187364635,351,S3_twin_shock,indonesia,USDC
744,0.7566578168834679,402687.69326805195,351,S3_twin_shock,indonesia,USDC
745,0.7573922033790287,392620.50093635067,351,S3_twin_shock,indonesia,USDC
746,0.7353726578526446,382804.98841294186,351,S3_twin_shock,indonesia,USDC
747,0.7582009310813689,373234.86370261834,351,S3_twin_shock,indonesia,USDC
748,0.7716696300315198,363903.99211005284,351,S3_twin_shock,indonesia,USDC
749,0.7842271431928097,354806.3923073016,351,S3_twin_shock,indonesia,USDC
750,0.7786927970454487,345936.232499619,351,S3_twin_shock,indonesia,USDC
751,0.7858259491983905,337287.8266871285,351,S3_twin_shock,indonesia,USDC
752,0.7934265805120944,328855.6310199503,351,S3_twin_shock,indonesia,USDC
753,0.7978640539133094,320634.24024445156,351,S3_twin_shock,indonesia,USDC
754,0.7890786353928211,312618.3842383403,351,S3_twin_shock,indonesia,USDC
755,0.8017708848198655,304802.92463238176,351,S3_twin_shock,indonesia,USDC
756,0.7956128697414856,297182.85151657223,351,S3_twin_shock,indonesia,USDC
757,0.7951203615390382,289753.28022865794,351,S3_twin_shock,indonesia,USDC
758,0.7864861895496253,282509.4482229415,351,S3_twin_shock,indonesia,USDC
759,0.7881854212365347,275446.71201736794,351,S3_twin_shock,indonesia,USDC
760,0.8244737200458893,268560.5442169338,351,S3_twin_shock,indonesia,USDC
761,0.8250083656427938,261846.5306115104,351,S3_twin_shock,indonesia,USDC
762,0.8144005558026955,255300.36734622263,351,S3_twin_shock,indonesia,USDC
763,0.8274714649956855,248917.85816256708,351,S3_twin_shock,indonesia,USDC
764,0.7983857634975559,242694.91170850288,351,S3_twin_shock,indonesia,USDC
765,0.7985631251079233,236627.53891579033,351,S3_twin_shock,indonesia,USDC
766,0.7694467711457085,230711.85044289558,351,S3_twin_shock,indonesia,USDC
767,0.7738302053605577,224944.0541818232,351,S3_twin_shock,indonesia,USDC
768,0.7603926494174804,219320.4528272776,351,S3_twin_shock,indonesia,USDC
769,0.7729232498741764,213837.44150659567,351,S3_twin_shock,indonesia,USDC
770,0.7666721102826124,208491.5054689308,351,S3_twin_shock,indonesia,USDC
771,0.7464954774732785,203279.2178322075,351,S3_twin_shock,indonesia,USDC
772,0.7611091170771658,198197.23738640232,351,S3_twin_shock,indonesia,USDC
773,0.7609699788772767,193242.30645174228,351,S3_twin_shock,indonesia,USDC
774,0.7625410615263176,188411.2487904487,351,S3_twin_shock,indonesia,USDC
775,0.7537764881994535,183700.9675706875,351,S3_twin_shock,indonesia,USDC
776,0.7702536901373668,179108.4433814203,351,S3_twin_shock,indonesia,USDC
777,0.7731964466269917,174630.73229688482,351,S3_twin_shock,indonesia,USDC
778,0.7639507188125304,170264.96398946267,351,S3_twin_shock,indonesia,USDC
779,0.7375271708562986,166008.3398897261,351,S3_twin_shock,indonesia,USDC
780,0.7282709163069844,161858.13139248296,351,S3_twin_shock,indonesia,USDC
781,0.7129804165111923,157811.6781076709,351,S3_twin_shock,indonesia,USDC
782,0.713893661695213,153866.38615497912,351,S3_twin_shock,indonesia,USDC
783,0.7220133579264693,150019.72650110465,351,S3_twin_shock,indonesia,USDC
784,0.7262107732106857,146269.23333857703,351,S3_twin_shock,indonesia,USDC
785,0.7317658133273314,142612.5025051126,351,S3_twin_shock,indonesia,USDC
786,0.742945222988588,139047.18994248478,351,S3_twin_shock,indonesia,USDC
787,0.7466151755867152,135571.01019392267,351,S3_twin_shock,indonesia,USDC
788,0.7451955419053795,132181.7349390746,351,S3_twin_shock,indonesia,USDC
789,0.7382275882315722,128877.19156559772,351,S3_twin_shock,indonesia,USDC
790,0.729538173669237,125655.2617764578,351,S3_twin_shock,indonesia,USDC
791,0.7558905696536621,122513.88023204634,351,S3_twin_shock,indonesia,USDC
792,0.759382109763471,119451.03322624517,351,S3_twin_shock,indonesia,USDC
793,0.7689351190458572,116464.75739558905,351,S3_twin_shock,indonesia,USDC
794,0.7421115215862881,113553.13846069932,351,S3_twin_shock,indonesia,USDC
795,0.7361222562350906,110714.30999918183,351,S3_twin_shock,indonesia,USDC
796,0.7354154223147575,107946.4522492023,351,S3_twin_shock,indonesia,USDC
797,0.7443845786270354,105247.79094297223,351,S3_twin_shock,indonesia,USDC
798,0.758038855337579,102616.59616939792,351,S3_twin_shock,indonesia,USDC
799,0.7804499776587949,100051.18126516297,351,S3_twin_shock,indonesia,USDC
800,0.7943980670746728,97549.9017335339,351,S3_twin_shock,indonesia,USDC
801,0.791206997552026,95111.15419019555,351,S3_twin_shock,indonesia,USDC
802,0.8048712936424256,92733.37533544067,351,S3_twin_shock,indonesia,USDC
803,0.8112919906838354,90415.04095205464,351,S3_twin_shock,indonesia,USDC
804,0.807548216920032,88154.66492825327,351,S3_twin_shock,indonesia,USDC
805,0.8185555096802692,85950.79830504695,351,S3_twin_shock,indonesia,USDC
806,0.8213945582727848,83802.02834742077,351,S3_twin_shock,indonesia,USDC
807,0.8052106503691715,81706.97763873525,351,S3_twin_shock,indonesia,USDC
808,0.8042633348336728,79664.30319776687,351,S3_twin_shock,indonesia,USDC
809,0.7919048464536957,77672.6956178227,351,S3_twin_shock,indonesia,USDC
810,0.7732854274181086,75730.87822737714,351,S3_twin_shock,indonesia,USDC
811,0.7653762647402675,73837.60627169271,351,S3_twin_shock,indonesia,USDC
812,0.7138265188404741,71991.66611490039,351,S3_twin_shock,indonesia,USDC
813,0.704521848929557,70191.87446202787,351,S3_twin_shock,indonesia,USDC
814,0.618728239962749,68437.07760047718,351,S3_twin_shock,indonesia,USDC
815,0.6412281663752255,66726.15066046525,351,S3_twin_shock,indonesia,USDC
816,0.6862602648791635,65057.99689395362,351,S3_twin_shock,indonesia,USDC
817,0.6840904387532267,63431.54697160478,351,S3_twin_shock,indonesia,USDC
818,0.7010365991576575,61845.75829731466,351,S3_twin_shock,indonesia,USDC
819,0.7025298868407004,60299.614339881795,351,S3_twin_shock,indonesia,USDC
820,0.7064249596277289,58792.123981384735,351,S3_twin_shock,indonesia,USDC
821,0.7289561083343605,57322.320881850115,351,S3_twin_shock,indonesia,USDC
822,0.7414001500193209,55889.26285980387,351,S3_twin_shock,indonesia,USDC
823,0.745432712892541,54492.031288308775,351,S3_twin_shock,indonesia,USDC
824,0.7401108108497426,53129.73050610105,351,S3_twin_shock,indonesia,USDC
825,0.7316419553633824,51801.487243448515,351,S3_twin_shock,indonesia,USDC
826,0.7194747159744252,50506.45006236231,351,S3_twin_shock,indonesia,USDC
827,0.7411797760385822,49243.78881080325,351,S3_twin_shock,indonesia,USDC
828,0.7504294169534023,48012.69409053317,351,S3_twin_shock,indonesia,USDC
829,0.7401522251841967,46812.37673826984,351,S3_twin_shock,indonesia,USDC
830,0.7509753204681416,45642.0673198131,351,S3_twin_shock,indonesia,USDC
831,0.7177812302762757,44501.01563681777,351,S3_twin_shock,indonesia,USDC
832,0.7498961567870225,43388.49024589732,351,S3_twin_shock,indonesia,USDC
833,0.7557932745777239,42303.77798974989,351,S3_twin_shock,indonesia,USDC
834,0.7591512035510253,41246.183540006146,351,S3_twin_shock,indonesia,USDC
835,0.7811486667852332,40215.02895150599,351,S3_twin_shock,indonesia,USDC
836,0.7841140955589673,39209.65322771834,351,S3_twin_shock,indonesia,USDC
837,0.7873108160480388,38229.411897025384,351,S3_twin_shock,indonesia,USDC
838,0.7967800029534065,37273.67659959975,351,S3_twin_shock,indonesia,USDC
839,0.8067642314469711,36341.834684609756,351,S3_twin_shock,indonesia,USDC
840,0.816066687802303,35433.28881749451,351,S3_twin_shock,indonesia,USDC
841,0.8099972835776058,34547.45659705714,351,S3_twin_shock,indonesia,USDC
842,0.8029191044701008,33683.77018213071,351,S3_twin_shock,indonesia,USDC
843,0.7929344920009064,32841.675927577446,351,S3_twin_shock,indonesia,USDC
844,0.7809025832517795,32020.634029388013,351,S3_twin_shock,indonesia,USDC
845,0.7714351753344345,31220.118178653312,351,S3_twin_shock,indonesia,USDC
846,0.7800519548766871,30439.61522418698,351,S3_twin_shock,indonesia,USDC
847,0.7701612685254645,29678.624843582307,351,S3_twin_shock,indonesia,USDC
848,0.7919087108212448,28936.659222492744,351,S3_twin_shock,indonesia,USDC
849,0.793025360926111,28213.24274193043,351,S3_twin_shock,indonesia,USDC
850,0.7853411215900583,27507.911673382165,351,S3_twin_shock,indonesia,USDC
851,0.7642347009311787,26820.213881547606,351,S3_twin_shock,indonesia,USDC
852,0.7565890229688752,26149.708534508918,351,S3_twin_shock,indonesia,USDC
853,0.7503997680227383,25495.965821146197,351,S3_twin_shock,indonesia,USDC
854,0.7619963506236846,24858.56667561754,351,S3_twin_shock,indonesia,USDC
855,0.7568577243886012,24237.102508727105,351,S3_twin_shock,indonesia,USDC
856,0.7567887334574755,23631.174946008927,351,S3_twin_shock,indonesia,USDC
857,0.7623155485087982,23040.395572358702,351,S3_twin_shock,indonesia,USDC
858,0.7568415292241235,22464.385683049735,351,S3_twin_shock,indonesia,USDC
859,0.7533169850389143,21902.77604097349,351,S3_twin_shock,indonesia,USDC
860,0.7583042268162151,21355.206639949152,351,S3_twin_shock,indonesia,USDC
861,0.7693787371424293,20821.326473950423,351,S3_twin_shock,indonesia,USDC
862,0.7782624276478662,20300.79331210166,351,S3_twin_shock,indonesia,USDC
863,0.754891382443318,19793.27347929912,351,S3_twin_shock,indonesia,USDC
864,0.7444211825565453,19298.441642316644,351,S3_twin_shock,indonesia,USDC
865,0.7694461606062482,18815.98060125873,351,S3_twin_shock,indonesia,USDC
866,0.7726916107446806,18345.58108622726,351,S3_twin_shock,indonesia,USDC
867,0.7740267732399619,17886.94155907158,351,S3_twin_shock,indonesia,USDC
868,0.7908480861457203,17439.768020094787,351,S3_twin_shock,indonesia,USDC
869,0.7969912598667057,17003.77381959242,351,S3_twin_shock,indonesia,USDC
870,0.7869193833221362,16578.67947410261,351,S3_twin_shock,indonesia,USDC
871,0.7940086202896282,16164.212487250044,351,S3_twin_shock,indonesia,USDC
872,0.8130938187183974,15760.107175068792,351,S3_twin_shock,indonesia,USDC
873,0.7866029670759458,15366.104495692074,351,S3_twin_shock,indonesia,USDC
874,0.7879121095607602,14981.951883299771,351,S3_twin_shock,indonesia,USDC
875,0.8116201036648922,14607.403086217277,351,S3_twin_shock,indonesia,USDC
876,0.8228387102642812,14242.218009061842,351,S3_twin_shock,indonesia,USDC
877,0.7887898145962594,13886.162558835298,351,S3_twin_shock,indonesia,USDC
878,0.8018239357523688,13539.008494864414,351,S3_twin_shock,indonesia,USDC
879,0.7857364718590784,13200.533282492805,351,S3_twin_shock,indonesia,USDC
880,0.7745134567400809,12870.519950430484,351,S3_twin_shock,indonesia,USDC
881,0.7805628840713292,12548.756951669722,351,S3_twin_shock,indonesia,USDC
882,0.7857605558271307,12235.03802787798,351,S3_twin_shock,indonesia,USDC
883,0.7794851761423799,11929.162077181029,351,S3_twin_shock,indonesia,USDC
884,0.773398257470872,11630.933025251503,351,S3_twin_shock,indonesia,USDC
885,0.7908867116256851,11340.159699620215,351,S3_twin_shock,indonesia,USDC
886,0.8098788025485226,11056.65570712971,351,S3_twin_shock,indonesia,USDC
887,0.8065652631396453,10780.239314451466,351,S3_twin_shock,indonesia,USDC
888,0.8055853339840757,10510.73333159018,351,S3_twin_shock,indonesia,USDC
889,0.7991342452591017,10247.964998300426,351,S3_twin_shock,indonesia,USDC
890,0.8098280706868138,9991.765873342914,351,S3_twin_shock,indonesia,USDC
891,0.80734733114802,9741.971726509342,351,S3_twin_shock,indonesia,USDC
892,0.7813874539985501,9498.422433346608,351,S3_twin_shock,indonesia,USDC
893,0.7834107039464031,9260.961872512944,351,S3_twin_shock,indonesia,USDC
894,0.8107688249466,9029.437825700119,351,S3_twin_shock,indonesia,USDC
895,0.8144458797763141,8803.701880057617,351,S3_twin_shock,indonesia,USDC
896,0.8156426974677491,8583.609333056176,351,S3_twin_shock,indonesia,USDC
897,0.7982749969722055,8369.019099729772,351,S3_twin_shock,indonesia,USDC
898,0.7869370116594205,8159.793622236527,351,S3_twin_shock,indonesia,USDC
899,0.7786192518774887,7955.798781680614,351,S3_twin_shock,indonesia,USDC
900,0.7639270751436237,7756.903812138599,351,S3_twin_shock,indonesia,USDC
901,0.7499186113047739,7562.981216835135,351,S3_twin_shock,indonesia,USDC
902,0.7652924692712784,7373.906686414255,351,S3_twin_shock,indonesia,USDC
903,0.7693532293847133,7189.559019253898,351,S3_twin_shock,indonesia,USDC
904,0.7614795013651947,7009.820043772552,351,S3_twin_shock,indonesia,USDC
905,0.7702148547154909,6834.574542678238,351,S3_twin_shock,indonesia,USDC
906,0.755494026028409,6663.710179111282,351,S3_twin_shock,indonesia,USDC
907,0.7528513874980528,6497.1174246334995,351,S3_twin_shock,indonesia,USDC
908,0.7624564512568038,6334.689489017661,351,S3_twin_shock,indonesia,USDC
909,0.7868638854125884,6176.32225179222,351,S3_twin_shock,indonesia,USDC
910,0.8084264349406068,6021.914195497415,351,S3_twin_shock,indonesia,USDC
911,0.8116811129417107,5871.3663406099795,351,S3_twin_shock,indonesia,USDC
912,0.8131150903638191,5724.58218209473,351,S3_twin_shock,indonesia,USDC
913,0.8094216342017602,5581.467627542363,351,S3_twin_shock,indonesia,USDC
914,0.7846751828481813,5441.930936853803,351,S3_twin_shock,indonesia,USDC
915,0.7658493917519223,5305.882663432458,351,S3_twin_shock,indonesia,USDC
916,0.7534926374732859,5173.235596846647,351,S3_twin_shock,indonesia,USDC
917,0.7817079115755465,5043.90470692548,351,S3_twin_shock,indonesia,USDC
918,0.7833007713550486,4917.807089252343,351,S3_twin_shock,indonesia,USDC
919,0.8085326070281614,4794.861912021035,351,S3_twin_shock,indonesia,USDC
920,0.8110625764288456,4674.990364220509,351,S3_twin_shock,indonesia,USDC
921,0.8034283361650442,4558.1156051149965,351,S3_twin_shock,indonesia,USDC
922,0.7807958439829404,4444.162714987122,351,S3_twin_shock,indonesia,USDC
923,0.7907544461634535,4333.058647112443,351,S3_twin_shock,indonesia,USDC
924,0.773749123790102,4224.732180934632,351,S3_twin_shock,indonesia,USDC
925,0.768219209423239,4119.113876411267,351,S3_twin_shock,indonesia,USDC
926,0.7524211452960843,4016.1360295009845,351,S3_twin_shock,indonesia,USDC
927,0.76274157683588,3915.73262876346,351,S3_twin_shock,indonesia,USDC
928,0.7498752504462094,3817.8393130443737,351,S3_twin_shock,indonesia,USDC
929,0.7681021587769304,3722.393330218264,351,S3_twin_shock,indonesia,USDC
930,0.7489211083534709,3629.3334969628077,351,S3_twin_shock,indonesia,USDC
931,0.751024742946748,3538.600159538737,351,S3_twin_shock,indonesia,USDC
932,0.7494609920554048,3450.135155550269,351,S3_twin_shock,indonesia,USDC
933,0.7573825552330631,3363.881776661512,351,S3_twin_shock,indonesia,USDC
934,0.7743391121283708,3279.7847322449743,351,S3_twin_shock,indonesia,USDC
935,0.7721805744639212,3197.79011393885,351,S3_twin_shock,indonesia,USDC
936,0.7907404461917874,3117.845361090378,351,S3_twin_shock,indonesia,USDC
937,0.7806855186141631,3039.899227063119,351,S3_twin_shock,indonesia,USDC
938,0.7662152995614634,2963.901746386541,351,S3_twin_shock,indonesia,USDC
939,0.7727576776124688,2889.8042027268775,351,S3_twin_shock,indonesia,USDC
940,0.7953620897070766,2817.5590976587055,351,S3_twin_shock,indonesia,USDC
941,0.7980986424862733,2747.120120217238,351,S3_twin_shock,indonesia,USDC
942,0.7995441037425168,2678.442117211807,351,S3_twin_shock,indonesia,USDC
943,0.7960634383240893,2611.481064281512,351,S3_twin_shock,indonesia,USDC
944,0.8123694843640428,2546.1940376744737,351,S3_twin_shock,indonesia,USDC
945,0.845844267970759,2482.539186732612,351,S3_twin_shock,indonesia,USDC
946,0.8609236010725396,2420.475707064297,351,S3_twin_shock,indonesia,USDC
947,0.8540355291429016,2359.963814387689,351,S3_twin_shock,indonesia,USDC
948,0.8725748316695289,2300.964719027997,351,S3_twin_shock,indonesia,USDC
949,0.8728952205781453,2243.440601052297,351,S3_twin_shock,indonesia,USDC
950,0.8454072631917686,2187.35458602599,351,S3_twin_shock,indonesia,USDC
951,0.8275260957365999,2132.67072137534,351,S3_twin_shock,indonesia,USDC
952,0.8207882454905526,2079.353953340956,351,S3_twin_shock,indonesia,USDC
953,0.8315491543990661,2027.3701045074324,351,S3_twin_shock,indonesia,USDC
954,0.8153168147659111,1976.6858518947467,351,S3_twin_shock,indonesia,USDC
955,0.8449697526715401,1927.268705597378,351,S3_twin_shock,indonesia,USDC
956,0.8344466596265976,1879.0869879574436,351,S3_twin_shock,indonesia,USDC
957,0.8418845357193858,1832.1098132585075,351,S3_twin_shock,indonesia,USDC
958,0.8503320815964253,1786.3070679270447,351,S3_twin_shock,indonesia,USDC
959,0.8546672416808453,1741.6493912288688,351,S3_twin_shock,indonesia,USDC
960,0.8573550958354027,1698.108156448147,351,S3_twin_shock,indonesia,USDC
961,0.835683752960728,1655.6554525369434,351,S3_twin_shock,indonesia,USDC
962,0.8193312543314384,1614.2640662235199,351,S3_twin_shock,indonesia,USDC
963,0.8138096647838858,1573.9074645679318,351,S3_twin_shock,indonesia,USDC
964,0.8553302328652977,1534.5597779537334,351,S3_twin_shock,indonesia,USDC
965,0.8300696199213212,1496.19578350489,351,S3_twin_shock,indonesia,USDC
966,0.8355751382281197,1458.7908889172677,351,S3_twin_shock,indonesia,USDC
967,0.8723036093136982,1422.321116694336,351,S3_twin_shock,indonesia,USDC
968,0.8753895829298771,1386.7630887769778,351,S3_twin_shock,indonesia,USDC
969,0.8668212255826697,1352.0940115575531,351,S3_twin_shock,indonesia,USDC
970,0.8578550725467559,1318.2916612686145,351,S3_twin_shock,indonesia,USDC
971,0.8285651195897886,1285.3343697368991,351,S3_twin_shock,indonesia,USDC
972,0.8334412050035226,1253.2010104934766,351,S3_twin_shock,indonesia,USDC
973,0.8002736544181569,1221.8709852311397,351,S3_twin_shock,indonesia,USDC
974,0.7983330017515845,1191.3242106003613,351,S3_twin_shock,indonesia,USDC
975,0.7912142157047927,1161.541105335352,351,S3_twin_shock,indonesia,USDC
976,0.7870355120506064,1132.5025777019684,351,S3_twin_shock,indonesia,USDC
977,0.7938132099645133,1104.1900132594192,351,S3_twin_shock,indonesia,USDC
978,0.7880783893371899,1076.5852629279336,351,S3_twin_shock,indonesia,USDC
979,0.8112614029218757,1049.6706313547354,351,S3_twin_shock,indonesia,USDC
980,0.8230453211319736,1023.428865570867,351,S3_twin_shock,indonesia,USDC
981,0.8468856712867354,997.8431439315953,351,S3_twin_shock,indonesia,USDC
982,0.8359270424821167,972.8970653333055,351,S3_twin_shock,indonesia,USDC
983,0.8392481530497683,948.5746386999728,351,S3_twin_shock,indonesia,USDC
984,0.8496901811756326,924.8602727324735,351,S3_twin_shock,indonesia,USDC
985,0.8675431807938874,901.7387659141616,351,S3_twin_shock,indonesia,USDC
986,0.8781436525697077,879.1952967663076,351,S3_twin_shock,indonesia,USDC
987,0.8573991534116976,857.2154143471499,351,S3_twin_shock,indonesia,USDC
988,0.8442078298333886,835.7850289884711,351,S3_twin_shock,indonesia,USDC
989,0.8195007708420328,814.8904032637595,351,S3_twin_shock,indonesia,USDC
990,0.8335407549700676,794.5181431821654,351,S3_twin_shock,indonesia,USDC
991,0.8162314331732771,774.6551896026112,351,S3_twin_shock,indonesia,USDC
992,0.8401385830759127,755.288809862546,351,S3_twin_shock,indonesia,USDC
993,0.8355246738596444,736.4065896159823,351,S3_twin_shock,indonesia,USDC
994,0.8309658271063869,717.9964248755828,351,S3_twin_shock,indonesia,USDC
995,0.8161691787324221,700.0465142536932,351,S3_twin_shock,indonesia,USDC
996,0.7984488584449837,682.5453513973508,351,S3_twin_shock,indonesia,USDC
997,0.8048959125365288,665.4817176124171,351,S3_twin_shock,indonesia,USDC
998,0.7977847576572553,648.8446746721066,351,S3_twin_shock,indonesia,USDC
999,0.7836232535674675,632.6235578053039,351,S3_twin_shock,indonesia,USDC
1000,0.7811947355033297,616.8079688601714,351,S3_twin_shock,indonesia,USDC
