Step,price,liquidity,iteration,scenario,region,coin
1,0.9711880259327138,2989092065215.3457,294,S3_twin_shock,indonesia,USDC
2,0.9625053912673106,2989092065215.3457,294,S3_twin_shock,indonesia,USDC
3,0.959242392439968,2988638144728.9766,294,S3_twin_shock,indonesia,USDC
4,0.9850739111387237,2987999002569.3945,294,S3_twin_shock,indonesia,USDC
5,0.986846131703795,2987999002569.3945,294,S3_twin_shock,indonesia,USDC
6,0.970576802176834,2987999002569.3945,294,S3_twin_shock,indonesia,USDC
7,0.9703731371160239,2987999002569.3945,294,S3_twin_shock,indonesia,USDC
8,0.9717618667923533,2987999002569.3945,294,S3_twin_shock,indonesia,USDC
9,0.9500967555533189,2987999002569.3945,294,S3_twin_shock,indonesia,USDC
10,0.9651825545851375,2986790302390.2573,294,S3_twin_shock,indonesia,USDC
11,0.9906674526838872,2986512936901.16,294,S3_twin_shock,indonesia,USDC
12,0.960322794004273,2986512936901.16,294,S3_twin_shock,indonesia,USDC
13,0.9569710053686881,2985971903062.125,294,S3_twin_shock,indonesia,USDC
14,0.9734896516201882,2985231142134.4824,294,S3_twin_shock,indonesia,USDC
15,0.9836596836197363,2985231142134.4824,294,S3_twin_shock,indonesia,USDC
16,0.9905307380547423,2985231142134.4824,294,S3_twin_shock,indonesia,USDC
17,1.038010300459337,2985231142134.4824,294,S3_twin_shock,indonesia,USDC
18,1.0167088327863876,2985231142134.4824,294,S3_twin_shock,indonesia,USDC
19,0.9426471116623573,2985231142134.4824,294,S3_twin_shock,indonesia,USDC
20,0.9600841144196771,2983679915170.312,294,S3_twin_shock,indonesia,USDC
21,0.9315844950260819,2983121887464.921,294,S3_twin_shock,indonesia,USDC
22,0.9707994074283223,2980982111273.8193,294,S3_twin_shock,indonesia,USDC
23,0.9643422832333423,2980982111273.8193,294,S3_twin_shock,indonesia,USDC
24,0.9514097820032094,2980679452321.6465,294,S3_twin_shock,indonesia,USDC
25,0.9515438041888161,2979718148233.8276,294,S3_twin_shock,indonesia,USDC
26,0.9577030841919119,2978768618656.1133,294,S3_twin_shock,indonesia,USDC
27,0.9618456746602599,2978150911802.4946,294,S3_twin_shock,indonesia,USDC
28,0.9475571468561117,2977760398062.838,294,S3_twin_shock,indonesia,USDC
29,0.9697970687065363,2976634360694.9473,294,S3_twin_shock,indonesia,USDC
30,0.959087724896169,2976627726686.8057,294,S3_twin_shock,indonesia,USDC
31,0.9739644819747444,2976117083254.7627,294,S3_twin_shock,indonesia,USDC
32,0.9544581874973936,2976117083254.7627,294,S3_twin_shock,indonesia,USDC
33,0.9180893673562569,2975363625509.0923,294,S3_twin_shock,indonesia,USDC
34,0.9494570614791834,2972961032461.9375,294,S3_twin_shock,indonesia,USDC
35,0.9546528688572056,2972076832450.5015,294,S3_twin_shock,indonesia,USDC
36,0.9939407683902719,2971396736718.6455,294,S3_twin_shock,indonesia,USDC
37,1.002692371541092,2971396736718.6455,294,S3_twin_shock,indonesia,USDC
38,1.0021616058004021,2971396736718.6455,294,S3_twin_shock,indonesia,USDC
39,0.9635094532877556,2971396736718.6455,294,S3_twin_shock,indonesia,USDC
40,0.9463109457236094,2971124569034.533,294,S3_twin_shock,indonesia,USDC
41,0.937017198050432,2970098063607.373,294,S3_twin_shock,indonesia,USDC
42,0.9409974789782132,2968703741211.797,294,S3_twin_shock,indonesia,USDC
43,0.9766911677063632,2967572855974.282,294,S3_twin_shock,indonesia,USDC
44,0.9949680811170268,2967572855974.282,294,S3_twin_shock,indonesia,USDC
45,1.015308249497791,2967572855974.282,294,S3_twin_shock,indonesia,USDC
46,0.976603455779467,2967572855974.282,294,S3_twin_shock,indonesia,USDC
47,0.8266472291903558,2967572855974.282,294,S3_twin_shock,indonesia,USDC
48,0.8340622926760061,2961885919914.241,294,S3_twin_shock,indonesia,USDC
49,0.8298270884401876,2957382929712.5845,294,S3_twin_shock,indonesia,USDC
50,0.8470117194830435,2953428147871.093,294,S3_twin_shock,indonesia,USDC
51,0.8649464316780993,2950379897087.5205,294,S3_twin_shock,indonesia,USDC
52,0.8830904710153658,2948105375407.373,294,S3_twin_shock,indonesia,USDC
53,0.8608914705506716,2946401831249.4062,294,S3_twin_shock,indonesia,USDC
54,0.8630722702585863,2944513437174.6943,294,S3_twin_shock,indonesia,USDC
55,0.8593391381867023,2942896111401.4736,294,S3_twin_shock,indonesia,USDC
56,0.8737617506172229,2941402497362.4414,294,S3_twin_shock,indonesia,USDC
57,0.8757739135656115,2940250679737.982,294,S3_twin_shock,indonesia,USDC
58,0.8851352854340434,2939210773626.173,294,S3_twin_shock,indonesia,USDC
59,0.8703446103524793,2938345200050.294,294,S3_twin_shock,indonesia,USDC
60,0.8828979211505749,2937456397145.847,294,S3_twin_shock,indonesia,USDC
61,0.88760919994462,2936738793765.042,294,S3_twin_shock,indonesia,USDC
62,0.8769789377077067,2936103944867.5713,294,S3_twin_shock,indonesia,USDC
63,0.8705615355732637,2935475983991.5493,294,S3_twin_shock,indonesia,USDC
64,0.9100752315211409,2934821543702.755,294,S3_twin_shock,indonesia,USDC
65,0.9508443815849749,2934494145176.427,294,S3_twin_shock,indonesia,USDC
66,0.9601330212544904,2934401152337.951,294,S3_twin_shock,indonesia,USDC
67,0.9518976458632215,2934358057712.5664,294,S3_twin_shock,indonesia,USDC
68,0.9756753951114675,2934264120681.672,294,S3_twin_shock,indonesia,USDC
69,0.9556440736507895,2934264120681.672,294,S3_twin_shock,indonesia,USDC
70,0.967375139001128,2934195464854.452,294,S3_twin_shock,indonesia,USDC
71,0.9753146361382569,2934187364801.02,294,S3_twin_shock,indonesia,USDC
72,0.9674277987097223,2934187364801.02,294,S3_twin_shock,indonesia,USDC
73,0.9617298608414714,2934179564199.7197,294,S3_twin_shock,indonesia,USDC
74,0.9552447874844158,2934142867618.075,294,S3_twin_shock,indonesia,USDC
75,0.9631658862773498,2934073801342.2275,294,S3_twin_shock,indonesia,USDC
76,0.9601982878440489,2934041848109.672,294,S3_twin_shock,indonesia,USDC
77,0.9420105561917355,2933998604995.903,294,S3_twin_shock,indonesia,USDC
78,0.9308200469418624,2933866815895.054,294,S3_twin_shock,indonesia,USDC
79,0.9537111978044553,2933685283826.8496,294,S3_twin_shock,indonesia,USDC
80,0.9512974166058596,2933611811274.358,294,S3_twin_shock,indonesia,USDC
81,0.9584663735485914,2933532217757.5625,294,S3_twin_shock,indonesia,USDC
82,0.9907280364559489,2933482596555.5107,294,S3_twin_shock,indonesia,USDC
83,0.99913305346158,2933482596555.5107,294,S3_twin_shock,indonesia,USDC
84,0.9890603929973407,2933482596555.5107,294,S3_twin_shock,indonesia,USDC
85,0.97508205789882,2933482596555.5107,294,S3_twin_shock,indonesia,USDC
86,0.9817913183341104,2933482596555.5107,294,S3_twin_shock,indonesia,USDC
87,0.9853447257470273,2933482596555.5107,294,S3_twin_shock,indonesia,USDC
88,0.9600901509881585,2933482596555.5107,294,S3_twin_shock,indonesia,USDC
89,0.967196905609575,2933437741398.127,294,S3_twin_shock,indonesia,USDC
90,0.9595668528859539,2933432531337.065,294,S3_twin_shock,indonesia,USDC
91,0.9645510682908321,2933388870662.851,294,S3_twin_shock,indonesia,USDC
92,0.9403328829457167,2933369967299.0557,294,S3_twin_shock,indonesia,USDC
93,0.9316657449504211,2933239129132.1855,294,S3_twin_shock,indonesia,USDC
94,0.9426792220233641,2933075237785.902,294,S3_twin_shock,indonesia,USDC
95,0.9602439205761921,2932966991588.209,294,S3_twin_shock,indonesia,USDC
96,0.9516184932782816,2932935959118.7007,294,S3_twin_shock,indonesia,USDC
97,0.9646364311022296,2932872703559.2305,294,S3_twin_shock,indonesia,USDC
98,1.0010315560906669,2932851798699.1943,294,S3_twin_shock,indonesia,USDC
99,0.9923589242851936,2932851798699.1943,294,S3_twin_shock,indonesia,USDC
100,0.9987427194637664,2932851798699.1943,294,S3_twin_shock,indonesia,USDC
101,0.834463246405149,2932851798699.1943,294,S3_twin_shock,indonesia,USDC
102,0.8565967199566993,2932347865623.6836,294,S3_twin_shock,indonesia,USDC
103,0.8783354343705209,2931983189112.0186,294,S3_twin_shock,indonesia,USDC
104,0.902915583952159,2931715987761.096,294,S3_twin_shock,indonesia,USDC
105,0.9435148118723257,2931534519398.481,294,S3_twin_shock,indonesia,USDC
106,0.9673159342958816,2931470206296.073,294,S3_twin_shock,indonesia,USDC
107,0.9882801204947393,2931466290816.2993,294,S3_twin_shock,indonesia,USDC
108,1.0100146043875229,2931466290816.2993,294,S3_twin_shock,indonesia,USDC
109,0.9817818937469411,2931466290816.2993,294,S3_twin_shock,indonesia,USDC
110,0.9799698079866404,2931466290816.2993,294,S3_twin_shock,indonesia,USDC
111,0.9518997952134349,2931466290816.2993,294,S3_twin_shock,indonesia,USDC
112,0.9387281873613165,2931425915448.409,294,S3_twin_shock,indonesia,USDC
113,0.958602549838799,2931358045587.064,294,S3_twin_shock,indonesia,USDC
114,0.9344222039366971,2931333039022.8047,294,S3_twin_shock,indonesia,USDC
115,0.9062042116133279,2931250844271.1504,294,S3_twin_shock,indonesia,USDC
116,0.9278208004313485,2931112362663.7754,294,S3_twin_shock,indonesia,USDC
117,0.9285926728852762,2931029532083.198,294,S3_twin_shock,indonesia,USDC
118,0.9694109279778321,2930949188654.257,294,S3_twin_shock,indonesia,USDC
119,0.978951993180041,2930949188654.257,294,S3_twin_shock,indonesia,USDC
120,0.9758228782265893,2930949188654.257,294,S3_twin_shock,indonesia,USDC
121,0.9513954018305408,2857675458937.9004,294,S3_twin_shock,indonesia,USDC
122,0.9419005813638505,2786198843331.001,294,S3_twin_shock,indonesia,USDC
123,0.9164649112277483,2716497743909.539,294,S3_twin_shock,indonesia,USDC
124,0.9212667710828393,2648492334681.776,294,S3_twin_shock,indonesia,USDC
125,0.884626455294124,2582197789129.031,294,S3_twin_shock,indonesia,USDC
126,0.7491070007651128,2517509074166.471,294,S3_twin_shock,indonesia,USDC
127,0.7648177582364695,2454266156753.413,294,S3_twin_shock,indonesia,USDC
128,0.7898054153617107,2392673506393.055,294,S3_twin_shock,indonesia,USDC
129,0.808950745076703,2332702784191.448,294,S3_twin_shock,indonesia,USDC
130,0.8068754273059621,2274271858550.504,294,S3_twin_shock,indonesia,USDC
131,0.7840105343093389,2217314086690.9746,294,S3_twin_shock,indonesia,USDC
132,0.7924814234814131,2161788860298.0671,294,S3_twin_shock,indonesia,USDC
133,0.7865090863072928,2107671924959.336,294,S3_twin_shock,indonesia,USDC
134,0.7725817198043125,2054918327381.4263,294,S3_twin_shock,indonesia,USDC
135,0.7747394982984573,2003490691535.765,294,S3_twin_shock,indonesia,USDC
136,0.7778876229136575,1953357942617.2517,294,S3_twin_shock,indonesia,USDC
137,0.787515929045536,1904488771220.501,294,S3_twin_shock,indonesia,USDC
138,0.7775120559763176,1856850030202.1338,294,S3_twin_shock,indonesia,USDC
139,0.7985376284796502,1810405276153.5684,294,S3_twin_shock,indonesia,USDC
140,0.7917619890688514,1765128561555.1768,294,S3_twin_shock,indonesia,USDC
141,0.7865030565664936,1720985972518.258,294,S3_twin_shock,indonesia,USDC
142,0.797048257372725,1677948576504.5005,294,S3_twin_shock,indonesia,USDC
143,0.788398448399625,1635990469332.8955,294,S3_twin_shock,indonesia,USDC
144,0.8106624634817061,1595081988845.434,294,S3_twin_shock,indonesia,USDC
145,0.7468042655713576,1555198844731.958,294,S3_twin_shock,indonesia,USDC
146,0.7739945193044556,1516311704798.9775,294,S3_twin_shock,indonesia,USDC
147,0.7427861324610292,1478399039508.0894,294,S3_twin_shock,indonesia,USDC
148,0.7464865226400595,1441434445361.546,294,S3_twin_shock,indonesia,USDC
149,0.7472478233427705,1405395172030.8582,294,S3_twin_shock,indonesia,USDC
150,0.7570591585079477,1370257609358.0708,294,S3_twin_shock,indonesia,USDC
151,0.7718210155099953,1335999269163.0432,294,S3_twin_shock,indonesia,USDC
152,0.7681992624868104,1302597891970.2908,294,S3_twin_shock,indonesia,USDC
153,0.7684183694994217,1270031825711.3625,294,S3_twin_shock,indonesia,USDC
154,0.7583569508306575,1238280076754.5593,294,S3_twin_shock,indonesia,USDC
155,0.7456975114482065,1207322327206.1138,294,S3_twin_shock,indonesia,USDC
156,0.7501459864016079,1177138601586.769,294,S3_twin_shock,indonesia,USDC
157,0.7564552001913516,1147709633622.3936,294,S3_twin_shock,indonesia,USDC
158,0.7483421743125817,1119016521957.4456,294,S3_twin_shock,indonesia,USDC
159,0.7261541149914906,1091040812984.1978,294,S3_twin_shock,indonesia,USDC
160,0.7364427914603184,1063764533750.97,294,S3_twin_shock,indonesia,USDC
161,0.7407446023201393,1037170240847.752,294,S3_twin_shock,indonesia,USDC
162,0.761015601596581,1011240848635.4097,294,S3_twin_shock,indonesia,USDC
163,0.7618292435909334,985959731018.4297,294,S3_twin_shock,indonesia,USDC
164,0.7677928882766776,961310661225.0952,294,S3_twin_shock,indonesia,USDC
165,0.772489374881499,937277835420.5323,294,S3_twin_shock,indonesia,USDC
166,0.778902114855447,913845840180.2417,294,S3_twin_shock,indonesia,USDC
167,0.8011286791289,890999658346.6494,294,S3_twin_shock,indonesia,USDC
168,0.8012546512730077,868724641131.2378,294,S3_twin_shock,indonesia,USDC
169,0.7863687230690636,847006503135.311,294,S3_twin_shock,indonesia,USDC
170,0.8004957104843483,825831320636.5782,294,S3_twin_shock,indonesia,USDC
171,0.8110989933774724,805185522273.5944,294,S3_twin_shock,indonesia,USDC
172,0.8086065960467342,785055872304.45,294,S3_twin_shock,indonesia,USDC
173,0.7886755841019055,765429465131.1128,294,S3_twin_shock,indonesia,USDC
174,0.8049307973167017,746293718980.3546,294,S3_twin_shock,indonesia,USDC
175,0.8321537275139422,727636369074.6238,294,S3_twin_shock,indonesia,USDC
176,0.8351791533415424,709445455112.6484,294,S3_twin_shock,indonesia,USDC
177,0.8280242677390982,691709314635.9264,294,S3_twin_shock,indonesia,USDC
178,0.8375815016853496,674416578025.2699,294,S3_twin_shock,indonesia,USDC
179,0.8469053556006331,657556160513.4514,294,S3_twin_shock,indonesia,USDC
180,0.8570296481647295,641117253982.8512,294,S3_twin_shock,indonesia,USDC
181,0.8579801541189118,625089320615.8265,294,S3_twin_shock,indonesia,USDC
182,0.8838782473955058,609462085832.9363,294,S3_twin_shock,indonesia,USDC
183,0.8426238005589474,594225532485.1765,294,S3_twin_shock,indonesia,USDC
184,0.8519148039062346,579369892653.2552,294,S3_twin_shock,indonesia,USDC
185,0.8364763607299106,564885644102.7937,294,S3_twin_shock,indonesia,USDC
186,0.8260200185592417,550763501762.0364,294,S3_twin_shock,indonesia,USDC
187,0.8249674863583781,536994413028.75854,294,S3_twin_shock,indonesia,USDC
188,0.8186755647229458,523569551676.67444,294,S3_twin_shock,indonesia,USDC
189,0.8270840601366044,510480311967.35486,294,S3_twin_shock,indonesia,USDC
190,0.8548756892350626,497718303446.91626,294,S3_twin_shock,indonesia,USDC
191,0.8317068983276402,485275345361.5183,294,S3_twin_shock,indonesia,USDC
192,0.8073412817517396,473143461193.23285,294,S3_twin_shock,indonesia,USDC
193,0.8038010735238966,461314874095.6455,294,S3_twin_shock,indonesia,USDC
194,0.8295897865281938,449782001768.2046,294,S3_twin_shock,indonesia,USDC
195,0.8436633923898935,438537451388.57117,294,S3_twin_shock,indonesia,USDC
196,0.8258124226868517,427574014850.00995,294,S3_twin_shock,indonesia,USDC
197,0.8066219671341197,416884664207.67065,294,S3_twin_shock,indonesia,USDC
198,0.8011125526936395,406462547340.96954,294,S3_twin_shock,indonesia,USDC
199,0.8217073370151324,396300983441.33356,294,S3_twin_shock,indonesia,USDC
200,0.8160328353778464,386393458697.46497,294,S3_twin_shock,indonesia,USDC
201,0.798154630353418,376733622093.145,294,S3_twin_shock,indonesia,USDC
202,0.8136321250477806,367315281408.07227,294,S3_twin_shock,indonesia,USDC
203,0.8038649300960393,358132399268.4849,294,S3_twin_shock,indonesia,USDC
204,0.7898675021409405,349179089197.4744,294,S3_twin_shock,indonesia,USDC
205,0.7615513084953158,340449611884.9284,294,S3_twin_shock,indonesia,USDC
206,0.7193137305528469,331938371512.5896,294,S3_twin_shock,indonesia,USDC
207,0.7163044404448269,323639912152.55255,294,S3_twin_shock,indonesia,USDC
208,0.7181678823019321,315548914292.36475,294,S3_twin_shock,indonesia,USDC
209,0.7348361435019609,307660191392.4274,294,S3_twin_shock,indonesia,USDC
210,0.735940215663198,299968686579.06555,294,S3_twin_shock,indonesia,USDC
211,0.7559790794597803,292469469392.67346,294,S3_twin_shock,indonesia,USDC
212,0.7631056735715844,285157732641.75116,294,S3_twin_shock,indonesia,USDC
213,0.7609526754355351,278028789313.9981,294,S3_twin_shock,indonesia,USDC
214,0.7652791319942847,271078069571.122,294,S3_twin_shock,indonesia,USDC
215,0.7848304126513848,264301117824.1414,294,S3_twin_shock,indonesia,USDC
216,0.8082540986035524,257693589873.25836,294,S3_twin_shock,indonesia,USDC
217,0.8083773058878287,251251250122.7384,294,S3_twin_shock,indonesia,USDC
218,0.804589049049021,244969968866.3666,294,S3_twin_shock,indonesia,USDC
219,0.7870901903820356,238845719642.0564,294,S3_twin_shock,indonesia,USDC
220,0.7795862349019584,232874576648.44003,294,S3_twin_shock,indonesia,USDC
221,0.7934595294652841,227052712230.13806,294,S3_twin_shock,indonesia,USDC
222,0.8018455828753085,221376394422.73843,294,S3_twin_shock,indonesia,USDC
223,0.8281983581038356,215841984560.93512,294,S3_twin_shock,indonesia,USDC
224,0.8409364326710734,210445934945.9858,294,S3_twin_shock,indonesia,USDC
225,0.8375298378542951,205184786571.6455,294,S3_twin_shock,indonesia,USDC
226,0.8229902318789847,200055166906.7101,294,S3_twin_shock,indonesia,USDC
227,0.7983552763996407,195053787733.42502,294,S3_twin_shock,indonesia,USDC
228,0.782777822994443,190177443039.5017,294,S3_twin_shock,indonesia,USDC
229,0.7867294989549983,185423006962.99268,294,S3_twin_shock,indonesia,USDC
230,0.7913494214930702,180787431788.49167,294,S3_twin_shock,indonesia,USDC
231,0.7954997850262853,176267745993.4323,294,S3_twin_shock,indonesia,USDC
232,0.8012216842236592,171861052343.33002,294,S3_twin_shock,indonesia,USDC
233,0.8001761100325955,167564526034.52832,294,S3_twin_shock,indonesia,USDC
234,0.8188964564077424,163375412883.4782,294,S3_twin_shock,indonesia,USDC
235,0.8165128489198932,159291027561.2508,294,S3_twin_shock,indonesia,USDC
236,0.7993408448970453,155308751872.09906,294,S3_twin_shock,indonesia,USDC
237,0.7816686537240575,151426033075.18384,294,S3_twin_shock,indonesia,USDC
238,0.7544471665448488,147640382248.20767,294,S3_twin_shock,indonesia,USDC
239,0.753174340209924,143949372691.9066,294,S3_twin_shock,indonesia,USDC
240,0.7459386789164593,140350638374.53394,294,S3_twin_shock,indonesia,USDC
241,0.7440482524270694,136841872415.11151,294,S3_twin_shock,indonesia,USDC
242,0.7358112086793689,133420825604.68677,294,S3_twin_shock,indonesia,USDC
243,0.7366047924094529,130085304964.5344,294,S3_twin_shock,indonesia,USDC
244,0.7636791543781105,126833172340.3923,294,S3_twin_shock,indonesia,USDC
245,0.7426136554731564,123662343031.86395,294,S3_twin_shock,indonesia,USDC
246,0.7517663866130084,120570784456.0508,294,S3_twin_shock,indonesia,USDC
247,0.7812844676247436,117556514844.63704,294,S3_twin_shock,indonesia,USDC
248,0.7803556655371265,114617601973.51306,294,S3_twin_shock,indonesia,USDC
249,0.7729330106091539,111752161924.1684,294,S3_twin_shock,indonesia,USDC
250,0.7938421621807162,108958357876.0586,294,S3_twin_shock,indonesia,USDC
251,0.7665153537214342,106234398929.15326,294,S3_twin_shock,indonesia,USDC
252,0.7938767062153934,103578538955.9206,294,S3_twin_shock,indonesia,USDC
253,0.8005720584681519,100989075482.01993,294,S3_twin_shock,indonesia,USDC
254,0.8320240645149484,98464348594.96742,294,S3_twin_shock,indonesia,USDC
255,0.8487221696664355,96002739880.09184,294,S3_twin_shock,indonesia,USDC
256,0.8590786120169239,93602671383.08849,294,S3_twin_shock,indonesia,USDC
257,0.8524474067773136,91262604598.5104,294,S3_twin_shock,indonesia,USDC
258,0.8467653407060368,88981039483.54688,294,S3_twin_shock,indonesia,USDC
259,0.822127764696782,86756513496.45746,294,S3_twin_shock,indonesia,USDC
260,0.8262628443440954,84587600659.04521,294,S3_twin_shock,indonesia,USDC
261,0.8191835551278925,82472910642.56842,294,S3_twin_shock,indonesia,USDC
262,0.790289885681949,80411087876.50362,294,S3_twin_shock,indonesia,USDC
263,0.7921919543690173,78400810679.59042,294,S3_twin_shock,indonesia,USDC
264,0.7868430468028891,76440790412.6002,294,S3_twin_shock,indonesia,USDC
265,0.7932956024465849,74529770652.28479,294,S3_twin_shock,indonesia,USDC
266,0.7721678622216455,72666526385.97736,294,S3_twin_shock,indonesia,USDC
267,0.7882249994447865,70849863226.32762,294,S3_twin_shock,indonesia,USDC
268,0.7908257881833918,69078616645.6692,294,S3_twin_shock,indonesia,USDC
269,0.7585437619958382,67351651229.527306,294,S3_twin_shock,indonesia,USDC
270,0.7724651784959818,65667859948.788956,294,S3_twin_shock,indonesia,USDC
271,0.7682403879369399,64026163450.06911,294,S3_twin_shock,indonesia,USDC
272,0.7689266524539441,62425509363.81726,294,S3_twin_shock,indonesia,USDC
273,0.7668051514714084,60864871629.72175,294,S3_twin_shock,indonesia,USDC
274,0.7759926586412093,59343249838.97864,294,S3_twin_shock,indonesia,USDC
275,0.776261420870278,57859668593.00412,294,S3_twin_shock,indonesia,USDC
276,0.768719999574492,56413176878.17898,294,S3_twin_shock,indonesia,USDC
277,0.7943052701399013,55002847456.22447,294,S3_twin_shock,indonesia,USDC
278,0.7967794705268706,53627776269.81883,294,S3_twin_shock,indonesia,USDC
279,0.7982948830404394,52287081863.07335,294,S3_twin_shock,indonesia,USDC
280,0.8201975343051474,50979904816.496506,294,S3_twin_shock,indonesia,USDC
281,0.7954257255760583,49705407196.084076,294,S3_twin_shock,indonesia,USDC
282,0.7731636954819641,48462772016.18196,294,S3_twin_shock,indonesia,USDC
283,0.788640739067691,47251202715.777405,294,S3_twin_shock,indonesia,USDC
284,0.7910491526805853,46069922647.882965,294,S3_twin_shock,indonesia,USDC
285,0.8132267829345362,44918174581.68588,294,S3_twin_shock,indonesia,USDC
286,0.8147694524817108,43795220217.14373,294,S3_twin_shock,indonesia,USDC
287,0.8093432313833663,42700339711.71513,294,S3_twin_shock,indonesia,USDC
288,0.7968301066139281,41632831218.92225,294,S3_twin_shock,indonesia,USDC
289,0.7952212179216,40592010438.44919,294,S3_twin_shock,indonesia,USDC
290,0.6913412772236088,39577210177.48795,294,S3_twin_shock,indonesia,USDC
291,0.7071886334412049,38587779923.05075,294,S3_twin_shock,indonesia,USDC
292,0.6921971667043544,37623085424.97448,294,S3_twin_shock,indonesia,USDC
293,0.69994869450443,36682508289.35012,294,S3_twin_shock,indonesia,USDC
294,0.7349659620802466,35765445582.11636,294,S3_twin_shock,indonesia,USDC
295,0.7547294498724362,34871309442.56345,294,S3_twin_shock,indonesia,USDC
296,0.763493652711375,33999526706.499367,294,S3_twin_shock,indonesia,USDC
297,0.7575955322295397,33149538538.836884,294,S3_twin_shock,indonesia,USDC
298,0.7563193635636614,32320800075.365967,294,S3_twin_shock,indonesia,USDC
299,0.7600694044136485,31512780073.48181,294,S3_twin_shock,indonesia,USDC
300,0.7595650312520988,30724960571.644768,294,S3_twin_shock,indonesia,USDC
301,0.7513322880425826,29956836557.353645,294,S3_twin_shock,indonesia,USDC
302,0.7595963059808168,29207915643.419807,294,S3_twin_shock,indonesia,USDC
303,0.7717528915595133,28477717752.334312,294,S3_twin_shock,indonesia,USDC
304,0.768858564194961,27765774808.525955,294,S3_twin_shock,indonesia,USDC
305,0.7558700067618518,27071630438.312805,294,S3_twin_shock,indonesia,USDC
306,0.7583624851863101,26394839677.35499,294,S3_twin_shock,indonesia,USDC
307,0.7567580707330304,25734968685.421112,294,S3_twin_shock,indonesia,USDC
308,0.7598689749191988,25091594468.285583,294,S3_twin_shock,indonesia,USDC
309,0.7564199314379746,24464304606.578445,294,S3_twin_shock,indonesia,USDC
310,0.7714552275472079,23852696991.413982,294,S3_twin_shock,indonesia,USDC
311,0.775160046678069,23256379566.628635,294,S3_twin_shock,indonesia,USDC
312,0.7887330857799673,22674970077.462917,294,S3_twin_shock,indonesia,USDC
313,0.6901388095531553,22108095825.526344,294,S3_twin_shock,indonesia,USDC
314,0.7058591732082314,21555393429.888187,294,S3_twin_shock,indonesia,USDC
315,0.726309072439542,21016508594.14098,294,S3_twin_shock,indonesia,USDC
316,0.7476503242642752,20491095879.28746,294,S3_twin_shock,indonesia,USDC
317,0.7423199561759288,19978818482.30527,294,S3_twin_shock,indonesia,USDC
318,0.7603573907841146,19479348020.24764,294,S3_twin_shock,indonesia,USDC
319,0.7640837732763438,18992364319.741447,294,S3_twin_shock,indonesia,USDC
320,0.729599200012879,18517555211.747913,294,S3_twin_shock,indonesia,USDC
321,0.7331801451176521,18054616331.454216,294,S3_twin_shock,indonesia,USDC
322,0.7404096452451735,17603250923.167862,294,S3_twin_shock,indonesia,USDC
323,0.7477282684099437,17163169650.088661,294,S3_twin_shock,indonesia,USDC
324,0.739813594488566,16734090408.836447,294,S3_twin_shock,indonesia,USDC
325,0.7405788864299973,16315738148.615536,294,S3_twin_shock,indonesia,USDC
326,0.7432756294969227,15907844694.900148,294,S3_twin_shock,indonesia,USDC
327,0.7652880447272304,15510148577.527645,294,S3_twin_shock,indonesia,USDC
328,0.7553353037184567,15122394863.08945,294,S3_twin_shock,indonesia,USDC
329,0.7692564673172623,14744334991.512217,294,S3_twin_shock,indonesia,USDC
330,0.773328327787706,14375726616.724411,294,S3_twin_shock,indonesia,USDC
331,0.7599872101771743,14016333451.3063,294,S3_twin_shock,indonesia,USDC
332,0.7560005182301559,13665925115.023643,294,S3_twin_shock,indonesia,USDC
333,0.7383680275845761,13324276987.148052,294,S3_twin_shock,indonesia,USDC
334,0.7594869214120652,12991170062.469353,294,S3_twin_shock,indonesia,USDC
335,0.7667191699794246,12666390810.907616,294,S3_twin_shock,indonesia,USDC
336,0.7751010734063869,12349731040.634926,294,S3_twin_shock,indonesia,USDC
337,0.7676216252848655,12040987764.619053,294,S3_twin_shock,indonesia,USDC
338,0.7406145054091167,11739963070.503578,294,S3_twin_shock,indonesia,USDC
339,0.7429605985451138,11446463993.740988,294,S3_twin_shock,indonesia,USDC
340,0.7290405136532061,11160302393.897465,294,S3_twin_shock,indonesia,USDC
341,0.7428083871558235,10881294834.050028,294,S3_twin_shock,indonesia,USDC
342,0.7507194383774609,10609262463.198776,294,S3_twin_shock,indonesia,USDC
343,0.7763119757486258,10344030901.618807,294,S3_twin_shock,indonesia,USDC
344,0.7735311903489752,10085430129.078337,294,S3_twin_shock,indonesia,USDC
345,0.7942909805790557,9833294375.851377,294,S3_twin_shock,indonesia,USDC
346,0.7873246896038384,9587462016.455093,294,S3_twin_shock,indonesia,USDC
347,0.7893740895094677,9347775466.043716,294,S3_twin_shock,indonesia,USDC
348,0.8032396174131523,9114081079.392622,294,S3_twin_shock,indonesia,USDC
349,0.7944307268595805,8886229052.407806,294,S3_twin_shock,indonesia,USDC
350,0.7915646329357716,8664073326.09761,294,S3_twin_shock,indonesia,USDC
351,0.7742324369797154,8447471492.945171,294,S3_twin_shock,indonesia,USDC
352,0.7675381888486691,8236284705.621542,294,S3_twin_shock,indonesia,USDC
353,0.676252398809252,8030377587.981005,294,S3_twin_shock,indonesia,USDC
354,0.6943252421393212,7829618148.281479,294,S3_twin_shock,indonesia,USDC
355,0.7175441106808967,7633877694.574442,294,S3_twin_shock,indonesia,USDC
356,0.712606474098309,7443030752.210081,294,S3_twin_shock,indonesia,USDC
357,0.7059488635084108,7256954983.404829,294,S3_twin_shock,indonesia,USDC
358,0.7038639440435133,7075531108.819709,294,S3_twin_shock,indonesia,USDC
359,0.694971909471126,6898642831.099216,294,S3_twin_shock,indonesia,USDC
360,0.7134588801114102,6726176760.321735,294,S3_twin_shock,indonesia,USDC
361,0.7206795110362013,6558022341.313692,294,S3_twin_shock,indonesia,USDC
362,0.719162011794687,6394071782.78085,294,S3_twin_shock,indonesia,USDC
363,0.7324012174468217,6234219988.2113285,294,S3_twin_shock,indonesia,USDC
364,0.7231137454511035,6078364488.506046,294,S3_twin_shock,indonesia,USDC
365,0.7130322237001294,5926405376.293394,294,S3_twin_shock,indonesia,USDC
366,0.7320233060876065,5778245241.88606,294,S3_twin_shock,indonesia,USDC
367,0.7116878526342398,5633789110.838908,294,S3_twin_shock,indonesia,USDC
368,0.7098455127716332,5492944383.067936,294,S3_twin_shock,indonesia,USDC
369,0.7149946488589124,5355620773.491237,294,S3_twin_shock,indonesia,USDC
370,0.7172178854279024,5221730254.153956,294,S3_twin_shock,indonesia,USDC
371,0.7286262587993154,5091186997.800107,294,S3_twin_shock,indonesia,USDC
372,0.7235540888046713,4963907322.855104,294,S3_twin_shock,indonesia,USDC
373,0.726498279225395,4839809639.783727,294,S3_twin_shock,indonesia,USDC
374,0.7136658307491208,4718814398.789133,294,S3_twin_shock,indonesia,USDC
375,0.7306944320693419,4600844038.819406,294,S3_twin_shock,indonesia,USDC
376,0.7523763810128061,4485822937.848921,294,S3_twin_shock,indonesia,USDC
377,0.7759220032893805,4373677364.402698,294,S3_twin_shock,indonesia,USDC
378,0.7730407472840894,4264335430.29263,294,S3_twin_shock,indonesia,USDC
379,0.7831249199395768,4157727044.535314,294,S3_twin_shock,indonesia,USDC
380,0.7760882477813298,4053783868.4219313,294,S3_twin_shock,indonesia,USDC
381,0.8186019457091025,3952439271.711383,294,S3_twin_shock,indonesia,USDC
382,0.7991934904631587,3853628289.918598,294,S3_twin_shock,indonesia,USDC
383,0.8157287384687906,3757287582.6706333,294,S3_twin_shock,indonesia,USDC
384,0.7864509446360396,3663355393.1038675,294,S3_twin_shock,indonesia,USDC
385,0.7881785995243296,3571771508.276271,294,S3_twin_shock,indonesia,USDC
386,0.7847272633025701,3482477220.569364,294,S3_twin_shock,indonesia,USDC
387,0.7851492936108673,3395415290.05513,294,S3_twin_shock,indonesia,USDC
388,0.789082382720764,3310529907.8037515,294,S3_twin_shock,indonesia,USDC
389,0.7876301241371982,3227766660.108658,294,S3_twin_shock,indonesia,USDC
390,0.8042469979902354,3147072493.605942,294,S3_twin_shock,indonesia,USDC
391,0.7986595978634663,3068395681.265793,294,S3_twin_shock,indonesia,USDC
392,0.8216005027625772,2991685789.234148,294,S3_twin_shock,indonesia,USDC
393,0.7937934484120315,2916893644.5032945,294,S3_twin_shock,indonesia,USDC
394,0.8112558175573045,2843971303.3907123,294,S3_twin_shock,indonesia,USDC
395,0.7823118698934548,2772872020.8059444,294,S3_twin_shock,indonesia,USDC
396,0.7651978787377097,2703550220.2857957,294,S3_twin_shock,indonesia,USDC
397,0.7721120258361168,2635961464.7786508,294,S3_twin_shock,indonesia,USDC
398,0.7633477697665587,2570062428.1591845,294,S3_twin_shock,indonesia,USDC
399,0.7630391767106453,2505810867.455205,294,S3_twin_shock,indonesia,USDC
400,0.7566996430202719,2443165595.7688246,294,S3_twin_shock,indonesia,USDC
401,0.7891362202733173,2382086455.874604,294,S3_twin_shock,indonesia,USDC
402,0.7876873449997499,2322534294.4777393,294,S3_twin_shock,indonesia,USDC
403,0.8047495669830093,2264470937.1157956,294,S3_twin_shock,indonesia,USDC
404,0.811784833441584,2207859163.6879005,294,S3_twin_shock,indonesia,USDC
405,0.7788972499202869,2152662684.595703,294,S3_twin_shock,indonesia,USDC
406,0.7775293067405411,2098846117.4808106,294,S3_twin_shock,indonesia,USDC
407,0.7858275401287005,2046374964.5437903,294,S3_twin_shock,indonesia,USDC
408,0.7887621394401059,1995215590.4301958,294,S3_twin_shock,indonesia,USDC
409,0.8162105423731579,1945335200.6694407,294,S3_twin_shock,indonesia,USDC
410,0.8069775578281375,1896701820.6527047,294,S3_twin_shock,indonesia,USDC
411,0.7987593053567356,1849284275.136387,294,S3_twin_shock,indonesia,USDC
412,0.8227154664016473,1803052168.2579775,294,S3_twin_shock,indonesia,USDC
413,0.8094880457245713,1757975864.051528,294,S3_twin_shock,indonesia,USDC
414,0.8091440609233485,1714026467.4502397,294,S3_twin_shock,indonesia,USDC
415,0.7837543501870393,1671175805.7639837,294,S3_twin_shock,indonesia,USDC
416,0.7694836361044364,1629396410.6198843,294,S3_twin_shock,indonesia,USDC
417,0.7705897597833684,1588661500.3543868,294,S3_twin_shock,indonesia,USDC
418,0.7602260072024388,1548944962.8455272,294,S3_twin_shock,indonesia,USDC
419,0.7521293108747968,1510221338.774389,294,S3_twin_shock,indonesia,USDC
420,0.7439761762410033,1472465805.3050294,294,S3_twin_shock,indonesia,USDC
421,0.7513638725171273,1435654160.1724036,294,S3_twin_shock,indonesia,USDC
422,0.7253264721614734,1399762806.1680937,294,S3_twin_shock,indonesia,USDC
423,0.7173376953153532,1364768736.0138912,294,S3_twin_shock,indonesia,USDC
424,0.7098213904686868,1330649517.613544,294,S3_twin_shock,indonesia,USDC
425,0.7095390839933428,1297383279.6732054,294,S3_twin_shock,indonesia,USDC
426,0.7059090580298184,1264948697.6813753,294,S3_twin_shock,indonesia,USDC
427,0.7184062833911716,1233324980.2393408,294,S3_twin_shock,indonesia,USDC
428,0.7299786900324877,1202491855.7333574,294,S3_twin_shock,indonesia,USDC
429,0.7290773085229043,1172429559.3400235,294,S3_twin_shock,indonesia,USDC
430,0.73612943187838,1143118820.3565228,294,S3_twin_shock,indonesia,USDC
431,0.7450356448719819,1114540849.8476098,294,S3_twin_shock,indonesia,USDC
432,0.7372298135610647,1086677328.6014194,294,S3_twin_shock,indonesia,USDC
433,0.7410625399149492,1059510395.386384,294,S3_twin_shock,indonesia,USDC
434,0.7256636671301974,1033022635.5017245,294,S3_twin_shock,indonesia,USDC
435,0.7370909513429186,1007197069.6141813,294,S3_twin_shock,indonesia,USDC
436,0.7515968398726284,982017142.8738267,294,S3_twin_shock,indonesia,USDC
437,0.7531085698333012,957466714.301981,294,S3_twin_shock,indonesia,USDC
438,0.7433819645170222,933530046.4444315,294,S3_twin_shock,indonesia,USDC
439,0.7651332239564154,910191795.2833207,294,S3_twin_shock,indonesia,USDC
440,0.7905473582390603,887437000.4012377,294,S3_twin_shock,indonesia,USDC
441,0.778324275651454,865251075.3912067,294,S3_twin_shock,indonesia,USDC
442,0.7699501705612358,843619798.5064268,294,S3_twin_shock,indonesia,USDC
443,0.7904309513305885,822529303.543766,294,S3_twin_shock,indonesia,USDC
444,0.7755702888560196,801966070.955172,294,S3_twin_shock,indonesia,USDC
445,0.7883512901791672,781916919.1812927,294,S3_twin_shock,indonesia,USDC
446,0.7760058426993147,762368996.2017603,294,S3_twin_shock,indonesia,USDC
447,0.7984203766122132,743309771.2967163,294,S3_twin_shock,indonesia,USDC
448,0.7986706621702165,724727027.0142984,294,S3_twin_shock,indonesia,USDC
449,0.7802320380802492,706608851.338941,294,S3_twin_shock,indonesia,USDC
450,0.7899967618796204,688943630.0554674,294,S3_twin_shock,indonesia,USDC
451,0.7978109197758484,671720039.3040807,294,S3_twin_shock,indonesia,USDC
452,0.7932087459498126,654927038.3214787,294,S3_twin_shock,indonesia,USDC
453,0.7857046075573482,638553862.3634417,294,S3_twin_shock,indonesia,USDC
454,0.7878720723234056,622590015.8043557,294,S3_twin_shock,indonesia,USDC
455,0.7970760401189075,607025265.4092468,294,S3_twin_shock,indonesia,USDC
456,0.8106669347184478,591849633.7740157,294,S3_twin_shock,indonesia,USDC
457,0.8020906060386338,577053392.9296653,294,S3_twin_shock,indonesia,USDC
458,0.7970517653048029,562627058.1064236,294,S3_twin_shock,indonesia,USDC
459,0.8007248890014648,548561381.653763,294,S3_twin_shock,indonesia,USDC
460,0.8049244800321369,534847347.112419,294,S3_twin_shock,indonesia,USDC
461,0.8024107065395919,521476163.43460846,294,S3_twin_shock,indonesia,USDC
462,0.8234957509624407,508439259.3487433,294,S3_twin_shock,indonesia,USDC
463,0.7997015601010058,495728277.86502475,294,S3_twin_shock,indonesia,USDC
464,0.8088535483850819,483335070.91839916,294,S3_twin_shock,indonesia,USDC
465,0.8054374156758587,471251694.14543915,294,S3_twin_shock,indonesia,USDC
466,0.7886234662616654,459470401.79180324,294,S3_twin_shock,indonesia,USDC
467,0.7697603079606239,447983641.7470082,294,S3_twin_shock,indonesia,USDC
468,0.771673109015529,436784050.70333296,294,S3_twin_shock,indonesia,USDC
469,0.764954595823,425864449.4357496,294,S3_twin_shock,indonesia,USDC
470,0.7544584392650355,415217838.1998559,294,S3_twin_shock,indonesia,USDC
471,0.7606726990800252,404837392.24485946,294,S3_twin_shock,indonesia,USDC
472,0.7463150430633897,394716457.438738,294,S3_twin_shock,indonesia,USDC
473,0.7420181404425346,384848546.0027696,294,S3_twin_shock,indonesia,USDC
474,0.7391745725269679,375227332.35270035,294,S3_twin_shock,indonesia,USDC
475,0.743152415189487,365846649.04388285,294,S3_twin_shock,indonesia,USDC
476,0.7507567311510364,356700482.81778574,294,S3_twin_shock,indonesia,USDC
477,0.7458964386477082,347782970.7473411,294,S3_twin_shock,indonesia,USDC
478,0.7027344040610561,339088396.47865754,294,S3_twin_shock,indonesia,USDC
479,0.7195892474020598,330611186.56669116,294,S3_twin_shock,indonesia,USDC
480,0.7428328323142076,322345906.9025238,294,S3_twin_shock,indonesia,USDC
481,0.7283503261035196,314287259.22996074,294,S3_twin_shock,indonesia,USDC
482,0.7363301524103386,306430077.7492117,294,S3_twin_shock,indonesia,USDC
483,0.7538761128940777,298769325.80548143,294,S3_twin_shock,indonesia,USDC
484,0.749560537204602,291300092.6603444,294,S3_twin_shock,indonesia,USDC
485,0.7827153398071699,284017590.34383583,294,S3_twin_shock,indonesia,USDC
486,0.8039226566611285,276917150.5852399,294,S3_twin_shock,indonesia,USDC
487,0.8168803765814996,269994221.8206089,294,S3_twin_shock,indonesia,USDC
488,0.8381401126515112,263244366.27509367,294,S3_twin_shock,indonesia,USDC
489,0.8408203946998939,256663257.11821634,294,S3_twin_shock,indonesia,USDC
490,0.8053901820632482,250246675.69026092,294,S3_twin_shock,indonesia,USDC
491,0.8171952493058057,243990508.79800442,294,S3_twin_shock,indonesia,USDC
492,0.8260667335960167,237890746.07805428,294,S3_twin_shock,indonesia,USDC
493,0.8199263995808744,231943477.4261029,294,S3_twin_shock,indonesia,USDC
494,0.8217576266747407,226144890.49045032,294,S3_twin_shock,indonesia,USDC
495,0.8261932574923155,220491268.2281891,294,S3_twin_shock,indonesia,USDC
496,0.8042071389843567,214978986.52248436,294,S3_twin_shock,indonesia,USDC
497,0.8019274166531766,209604511.8594223,294,S3_twin_shock,indonesia,USDC
498,0.7900153098311856,204364399.06293672,294,S3_twin_shock,indonesia,USDC
499,0.8156237164456904,199255289.08636332,294,S3_twin_shock,indonesia,USDC
500,0.82439530597599,194273906.85920423,294,S3_twin_shock,indonesia,USDC
501,0.8349663623034894,189417059.1877241,294,S3_twin_shock,indonesia,USDC
502,0.8215965548958738,184681632.708031,294,S3_twin_shock,indonesia,USDC
503,0.8119080522399681,180064591.89033023,294,S3_twin_shock,indonesia,USDC
504,0.7984880857932095,175562977.09307197,294,S3_twin_shock,indonesia,USDC
505,0.7954648724432469,171173902.66574517,294,S3_twin_shock,indonesia,USDC
506,0.7909230807351628,166894555.09910154,294,S3_twin_shock,indonesia,USDC
507,0.7626620418814087,162722191.22162402,294,S3_twin_shock,indonesia,USDC
508,0.766948145972393,158654136.4410834,294,S3_twin_shock,indonesia,USDC
509,0.7735114454577804,154687783.03005633,294,S3_twin_shock,indonesia,USDC
510,0.7834144471872635,150820588.4543049,294,S3_twin_shock,indonesia,USDC
511,0.7853486637503733,147050073.7429473,294,S3_twin_shock,indonesia,USDC
512,0.7899211822683022,143373821.89937362,294,S3_twin_shock,indonesia,USDC
513,0.783479249073616,139789476.35188928,294,S3_twin_shock,indonesia,USDC
514,0.8094495931976409,136294739.44309205,294,S3_twin_shock,indonesia,USDC
515,0.8080796975919801,132887370.95701474,294,S3_twin_shock,indonesia,USDC
516,0.8078693114257404,129565186.68308938,294,S3_twin_shock,indonesia,USDC
517,0.8039911599228673,126326057.01601213,294,S3_twin_shock,indonesia,USDC
518,0.8483078496504564,123167905.59061183,294,S3_twin_shock,indonesia,USDC
519,0.8139583302921826,120088707.95084654,294,S3_twin_shock,indonesia,USDC
520,0.8087331315128584,117086490.25207537,294,S3_twin_shock,indonesia,USDC
521,0.8159424290989985,114159327.9957735,294,S3_twin_shock,indonesia,USDC
522,0.8257496362467227,111305344.79587916,294,S3_twin_shock,indonesia,USDC
523,0.814129402273364,108522711.17598218,294,S3_twin_shock,indonesia,USDC
524,0.8176673104102722,105809643.39658263,294,S3_twin_shock,indonesia,USDC
525,0.8081493804102248,103164402.31166807,294,S3_twin_shock,indonesia,USDC
526,0.7979170393339308,100585292.25387636,294,S3_twin_shock,indonesia,USDC
527,0.7674789438650441,98070659.94752945,294,S3_twin_shock,indonesia,USDC
528,0.7941641524308779,95618893.44884121,294,S3_twin_shock,indonesia,USDC
529,0.7583744277139737,93228421.11262019,294,S3_twin_shock,indonesia,USDC
530,0.7707225403724475,90897710.58480468,294,S3_twin_shock,indonesia,USDC
531,0.7663039009435395,88625267.82018456,294,S3_twin_shock,indonesia,USDC
532,0.7567726863632253,86409636.12467995,294,S3_twin_shock,indonesia,USDC
533,0.759062376382769,84249395.22156295,294,S3_twin_shock,indonesia,USDC
534,0.7800952797046133,82143160.34102388,294,S3_twin_shock,indonesia,USDC
535,0.754173833038572,80089581.33249828,294,S3_twin_shock,indonesia,USDC
536,0.7783175507287535,78087341.79918583,294,S3_twin_shock,indonesia,USDC
537,0.7841794655264018,76135158.25420618,294,S3_twin_shock,indonesia,USDC
538,0.7812047893469799,74231779.29785103,294,S3_twin_shock,indonesia,USDC
539,0.7679972235140834,72375984.81540474,294,S3_twin_shock,indonesia,USDC
540,0.8064057214359127,70566585.19501963,294,S3_twin_shock,indonesia,USDC
541,0.8029212495244274,68802420.56514414,294,S3_twin_shock,indonesia,USDC
542,0.8018095388430638,67082360.05101554,294,S3_twin_shock,indonesia,USDC
543,0.8077346061850547,65405301.04974015,294,S3_twin_shock,indonesia,USDC
544,0.8093701613424877,63770168.52349666,294,S3_twin_shock,indonesia,USDC
545,0.77485209826174,62175914.31040924,294,S3_twin_shock,indonesia,USDC
546,0.7569225964285099,60621516.452649005,294,S3_twin_shock,indonesia,USDC
547,0.7696459994248602,59105978.54133278,294,S3_twin_shock,indonesia,USDC
548,0.758616281953377,57628329.07779947,294,S3_twin_shock,indonesia,USDC
549,0.7633059085215913,56187620.85085447,294,S3_twin_shock,indonesia,USDC
550,0.766666452478353,54782930.32958311,294,S3_twin_shock,indonesia,USDC
551,0.7682951615371989,53413357.07134353,294,S3_twin_shock,indonesia,USDC
552,0.7702107820284652,52078023.14455995,294,S3_twin_shock,indonesia,USDC
553,0.7895936864730614,50776072.56594594,294,S3_twin_shock,indonesia,USDC
554,0.7690987267701764,49506670.751797296,294,S3_twin_shock,indonesia,USDC
555,0.7448915180061843,48269003.983002365,294,S3_twin_shock,indonesia,USDC
556,0.7596478220045801,47062278.88342731,294,S3_twin_shock,indonesia,USDC
557,0.7850461966939768,45885721.91134162,294,S3_twin_shock,indonesia,USDC
558,0.7801825112768318,44738578.863558084,294,S3_twin_shock,indonesia,USDC
559,0.7953982893728836,43620114.39196913,294,S3_twin_shock,indonesia,USDC
560,0.7981650040048025,42529611.53216991,294,S3_twin_shock,indonesia,USDC
561,0.8014562782642687,41466371.243865654,294,S3_twin_shock,indonesia,USDC
562,0.8109061732465886,40429711.96276902,294,S3_twin_shock,indonesia,USDC
563,0.7835309679286409,39418969.16369979,294,S3_twin_shock,indonesia,USDC
564,0.773144071443061,38433494.9346073,294,S3_twin_shock,indonesia,USDC
565,0.7690731086460552,37472657.56124212,294,S3_twin_shock,indonesia,USDC
566,0.7698063387127847,36535841.12221106,294,S3_twin_shock,indonesia,USDC
567,0.7581859611975059,35622445.09415579,294,S3_twin_shock,indonesia,USDC
568,0.7409985028761235,34731883.96680188,294,S3_twin_shock,indonesia,USDC
569,0.7582744320359776,33863586.86763184,294,S3_twin_shock,indonesia,USDC
570,0.7663874045038054,33016997.195941046,294,S3_twin_shock,indonesia,USDC
571,0.7647395846048713,32191572.26604252,294,S3_twin_shock,indonesia,USDC
572,0.763053205037975,31386782.95939146,294,S3_twin_shock,indonesia,USDC
573,0.7805632527557516,30602113.385406673,294,S3_twin_shock,indonesia,USDC
574,0.7816564989219199,29837060.550771505,294,S3_twin_shock,indonesia,USDC
575,0.7722832876074271,29091134.037002213,294,S3_twin_shock,indonesia,USDC
576,0.7878748587706061,28363855.68607716,294,S3_twin_shock,indonesia,USDC
577,0.8083069999795967,27654759.29392523,294,S3_twin_shock,indonesia,USDC
578,0.7786391842290132,26963390.311577097,294,S3_twin_shock,indonesia,USDC
579,0.7607998677002893,26289305.55378767,294,S3_twin_shock,indonesia,USDC
580,0.7708165607629375,25632072.91494298,294,S3_twin_shock,indonesia,USDC
581,0.7615532468601025,24991271.092069402,294,S3_twin_shock,indonesia,USDC
582,0.7657437599458553,24366489.314767666,294,S3_twin_shock,indonesia,USDC
583,0.7499427261984647,23757327.081898473,294,S3_twin_shock,indonesia,USDC
584,0.7624680317625802,23163393.904851016,294,S3_twin_shock,indonesia,USDC
585,0.7822793278332215,22584309.057229742,294,S3_twin_shock,indonesia,USDC
586,0.7803567774297117,22019701.330798995,294,S3_twin_shock,indonesia,USDC
587,0.8009052271472001,21469208.79752902,294,S3_twin_shock,indonesia,USDC
588,0.8080203288861985,20932478.577590793,294,S3_twin_shock,indonesia,USDC
589,0.8169831290918675,20409166.613151025,294,S3_twin_shock,indonesia,USDC
590,0.8102482235412726,19898937.44782225,294,S3_twin_shock,indonesia,USDC
591,0.8139745182546693,19401464.011626694,294,S3_twin_shock,indonesia,USDC
592,0.7815787966815051,18916427.411336027,294,S3_twin_shock,indonesia,USDC
593,0.7998596090008423,18443516.726052627,294,S3_twin_shock,indonesia,USDC
594,0.7901108514754559,17982428.807901308,294,S3_twin_shock,indonesia,USDC
595,0.77941792866362,17532868.087703776,294,S3_twin_shock,indonesia,USDC
596,0.7646006399631089,17094546.385511182,294,S3_twin_shock,indonesia,USDC
597,0.7396790928964023,16667182.725873403,294,S3_twin_shock,indonesia,USDC
598,0.7326670283188695,16250503.157726567,294,S3_twin_shock,indonesia,USDC
599,0.7351680540084787,15844240.578783404,294,S3_twin_shock,indonesia,USDC
600,0.7542204893888695,15448134.564313818,294,S3_twin_shock,indonesia,USDC
601,0.7670497439204206,15061931.200205974,294,S3_twin_shock,indonesia,USDC
602,0.7807278242725743,14685382.920200825,294,S3_twin_shock,indonesia,USDC
603,0.7771836556221026,14318248.347195804,294,S3_twin_shock,indonesia,USDC
604,0.7605707956971718,13960292.138515908,294,S3_twin_shock,indonesia,USDC
605,0.7658693024511534,13611284.835053012,294,S3_twin_shock,indonesia,USDC
606,0.7894083596490121,13271002.714176685,294,S3_twin_shock,indonesia,USDC
607,0.8059478278690464,12939227.64632227,294,S3_twin_shock,indonesia,USDC
608,0.8108215199486615,12615746.955164213,294,S3_twin_shock,indonesia,USDC
609,0.8156480389531766,12300353.281285107,294,S3_twin_shock,indonesia,USDC
610,0.8446234584368133,11992844.44925298,294,S3_twin_shock,indonesia,USDC
611,0.8502103584960653,11693023.338021655,294,S3_twin_shock,indonesia,USDC
612,0.8644111072759296,11400697.754571114,294,S3_twin_shock,indonesia,USDC
613,0.8285995554034866,11115680.310706835,294,S3_twin_shock,indonesia,USDC
614,0.8314646053278796,10837788.302939165,294,S3_twin_shock,indonesia,USDC
615,0.8356927809384181,10566843.595365686,294,S3_twin_shock,indonesia,USDC
616,0.8375725373330417,10302672.505481543,294,S3_twin_shock,indonesia,USDC
617,0.8119176722098905,10045105.692844504,294,S3_twin_shock,indonesia,USDC
618,0.8276884834091942,9793978.050523391,294,S3_twin_shock,indonesia,USDC
619,0.8472382426265994,9549128.599260308,294,S3_twin_shock,indonesia,USDC
620,0.8637848000397789,9310400.3842788,294,S3_twin_shock,indonesia,USDC
621,0.88359466778334,9077640.374671828,294,S3_twin_shock,indonesia,USDC
622,0.8895637541489922,8850699.365305033,294,S3_twin_shock,indonesia,USDC
623,0.8674156058503852,8629431.881172407,294,S3_twin_shock,indonesia,USDC
624,0.8403392221682922,8413696.084143098,294,S3_twin_shock,indonesia,USDC
625,0.8265940721095054,8203353.68203952,294,S3_twin_shock,indonesia,USDC
626,0.8467974414188973,7998269.839988532,294,S3_twin_shock,indonesia,USDC
627,0.8320627423254741,7798313.093988819,294,S3_twin_shock,indonesia,USDC
628,0.8392953595846082,7603355.2666390985,294,S3_twin_shock,indonesia,USDC
629,0.8307611020461763,7413271.38497312,294,S3_twin_shock,indonesia,USDC
630,0.8289095691479924,7227939.600348791,294,S3_twin_shock,indonesia,USDC
631,0.8299974715651097,7047241.110340072,294,S3_twin_shock,indonesia,USDC
632,0.8342937114374277,6871060.08258157,294,S3_twin_shock,indonesia,USDC
633,0.8447470399341527,6699283.580517031,294,S3_twin_shock,indonesia,USDC
634,0.8548580084502998,6531801.491004106,294,S3_twin_shock,indonesia,USDC
635,0.835115453640621,6368506.453729003,294,S3_twin_shock,indonesia,USDC
636,0.8311410585375463,6209293.792385778,294,S3_twin_shock,indonesia,USDC
637,0.8177057703830811,6054061.4475761335,294,S3_twin_shock,indonesia,USDC
638,0.8125124685450846,5902709.91138673,294,S3_twin_shock,indonesia,USDC
639,0.8020031474274063,5755142.163602062,294,S3_twin_shock,indonesia,USDC
640,0.791693389267373,5611263.609512011,294,S3_twin_shock,indonesia,USDC
641,0.7810203030986542,5470982.019274211,294,S3_twin_shock,indonesia,USDC
642,0.7903777438958324,5334207.468792355,294,S3_twin_shock,indonesia,USDC
643,0.7804688443912023,5200852.282072547,294,S3_twin_shock,indonesia,USDC
644,0.7726509968659245,5070830.975020733,294,S3_twin_shock,indonesia,USDC
645,0.773985777277433,4944060.200645214,294,S3_twin_shock,indonesia,USDC
646,0.7668710387936308,4820458.6956290845,294,S3_twin_shock,indonesia,USDC
647,0.8008151916509423,4699947.228238357,294,S3_twin_shock,indonesia,USDC
648,0.7705551288275854,4582448.547532398,294,S3_twin_shock,indonesia,USDC
649,0.7788955112598355,4467887.333844088,294,S3_twin_shock,indonesia,USDC
650,0.7707545423712236,4356190.150497986,294,S3_twin_shock,indonesia,USDC
651,0.7810942615693524,4247285.396735536,294,S3_twin_shock,indonesia,USDC
652,0.7571122457023478,4141103.261817148,294,S3_twin_shock,indonesia,USDC
653,0.7431837420493979,4037575.6802717196,294,S3_twin_shock,indonesia,USDC
654,0.7453865320219614,3936636.2882649265,294,S3_twin_shock,indonesia,USDC
655,0.7293748694538948,3838220.3810583027,294,S3_twin_shock,indonesia,USDC
656,0.7462877056947795,3742264.871531845,294,S3_twin_shock,indonesia,USDC
657,0.7277976203526604,3648708.249743549,294,S3_twin_shock,indonesia,USDC
658,0.7234985255628053,3557490.5434999606,294,S3_twin_shock,indonesia,USDC
659,0.7157335567327104,3468553.2799124615,294,S3_twin_shock,indonesia,USDC
660,0.6871267004130934,3381839.44791465,294,S3_twin_shock,indonesia,USDC
661,0.71543104022289,3297293.4617167832,294,S3_twin_shock,indonesia,USDC
662,0.714799367851968,3214861.125173864,294,S3_twin_shock,indonesia,USDC
663,0.7237061536126739,3134489.5970445178,294,S3_twin_shock,indonesia,USDC
664,0.7350763010044278,3056127.357118405,294,S3_twin_shock,indonesia,USDC
665,0.7207217243329802,2979724.1731904447,294,S3_twin_shock,indonesia,USDC
666,0.7459380730545593,2905231.0688606836,294,S3_twin_shock,indonesia,USDC
667,0.7332650939628875,2832600.2921391665,294,S3_twin_shock,indonesia,USDC
668,0.7418657674541536,2761785.2848356874,294,S3_twin_shock,indonesia,USDC
669,0.7471664138512306,2692740.652714795,294,S3_twin_shock,indonesia,USDC
670,0.7690149894849209,2625422.136396925,294,S3_twin_shock,indonesia,USDC
671,0.7890865648636362,2559786.582987002,294,S3_twin_shock,indonesia,USDC
672,0.7896367666033217,2495791.918412327,294,S3_twin_shock,indonesia,USDC
673,0.7732477834090423,2433397.1204520185,294,S3_twin_shock,indonesia,USDC
674,0.7462231249977072,2372562.1924407184,294,S3_twin_shock,indonesia,USDC
675,0.7629765034909711,2313248.1376297004,294,S3_twin_shock,indonesia,USDC
676,0.759867602162859,2255416.934188958,294,S3_twin_shock,indonesia,USDC
677,0.7622375657310162,2199031.510834234,294,S3_twin_shock,indonesia,USDC
678,0.7427881365839277,2144055.7230633777,294,S3_twin_shock,indonesia,USDC
679,0.7428880530762266,2090454.3299867935,294,S3_twin_shock,indonesia,USDC
680,0.7680581751795451,2038192.9717371236,294,S3_twin_shock,indonesia,USDC
681,0.7839124820266855,1987238.1474436957,294,S3_twin_shock,indonesia,USDC
682,0.8031081680236566,1937557.1937576032,294,S3_twin_shock,indonesia,USDC
683,0.7881530048020661,1889118.263913663,294,S3_twin_shock,indonesia,USDC
684,0.7894104203530976,1841890.3073158218,294,S3_twin_shock,indonesia,USDC
685,0.7862776380138449,1795843.049632926,294,S3_twin_shock,indonesia,USDC
686,0.7467741590320114,1750946.9733921029,294,S3_twin_shock,indonesia,USDC
687,0.7626060165896071,1707173.2990573002,294,S3_twin_shock,indonesia,USDC
688,0.7716236578729392,1664493.9665808678,294,S3_twin_shock,indonesia,USDC
689,0.7745504866470848,1622881.617416346,294,S3_twin_shock,indonesia,USDC
690,0.7668993695958304,1582309.5769809377,294,S3_twin_shock,indonesia,USDC
691,0.765315015038708,1542751.837556414,294,S3_twin_shock,indonesia,USDC
692,0.7749076849754316,1504183.0416175036,294,S3_twin_shock,indonesia,USDC
693,0.7838456028471451,1466578.4655770662,294,S3_twin_shock,indonesia,USDC
694,0.7943479814377001,1429914.0039376393,294,S3_twin_shock,indonesia,USDC
695,0.8024237101225864,1394166.1538391984,294,S3_twin_shock,indonesia,USDC
696,0.801421744477347,1359311.9999932186,294,S3_twin_shock,indonesia,USDC
697,0.8303590210662158,1325329.199993388,294,S3_twin_shock,indonesia,USDC
698,0.83457216103962,1292195.9699935534,294,S3_twin_shock,indonesia,USDC
699,0.8395428442972147,1259891.0707437145,294,S3_twin_shock,indonesia,USDC
700,0.8328001900783062,1228393.7939751218,294,S3_twin_shock,indonesia,USDC
701,0.8428202862238773,1197683.9491257437,294,S3_twin_shock,indonesia,USDC
702,0.8614131290384446,1167741.8503976,294,S3_twin_shock,indonesia,USDC
703,0.8304248470615577,1138548.3041376602,294,S3_twin_shock,indonesia,USDC
704,0.8269494021394641,1110084.5965342184,294,S3_twin_shock,indonesia,USDC
705,0.8045241219130979,1082332.481620863,294,S3_twin_shock,indonesia,USDC
706,0.8030710877842535,1055274.1695803415,294,S3_twin_shock,indonesia,USDC
707,0.7911462168593499,1028892.3153408329,294,S3_twin_shock,indonesia,USDC
708,0.7707037965243221,1003170.0074573121,294,S3_twin_shock,indonesia,USDC
709,0.7818207421316686,978090.7572708793,294,S3_twin_shock,indonesia,USDC
710,0.7462357760849351,953638.4883391073,294,S3_twin_shock,indonesia,USDC
711,0.6856194474567442,929797.5261306297,294,S3_twin_shock,indonesia,USDC
712,0.6998216863544562,906552.587977364,294,S3_twin_shock,indonesia,USDC
713,0.7189007631662815,883888.7732779298,294,S3_twin_shock,indonesia,USDC
714,0.7345279320656147,861791.5539459815,294,S3_twin_shock,indonesia,USDC
715,0.750923937668827,840246.765097332,294,S3_twin_shock,indonesia,USDC
716,0.7530347242514204,819240.5959698987,294,S3_twin_shock,indonesia,USDC
717,0.7422730735064054,798759.5810706513,294,S3_twin_shock,indonesia,USDC
718,0.7478313795883771,778790.591543885,294,S3_twin_shock,indonesia,USDC
719,0.7807880098604576,759320.8267552878,294,S3_twin_shock,indonesia,USDC
720,0.7759727394847392,740337.8060864056,294,S3_twin_shock,indonesia,USDC
721,0.7883570135343696,721829.3609342455,294,S3_twin_shock,indonesia,USDC
722,0.7766513597933105,703783.6269108893,294,S3_twin_shock,indonesia,USDC
723,0.7886385085161876,686189.0362381171,294,S3_twin_shock,indonesia,USDC
724,0.7796873113184792,669034.3103321642,294,S3_twin_shock,indonesia,USDC
725,0.78532715741297,652308.4525738601,294,S3_twin_shock,indonesia,USDC
726,0.7808441224825793,636000.7412595135,294,S3_twin_shock,indonesia,USDC
727,0.7696252238464524,620100.7227280256,294,S3_twin_shock,indonesia,USDC
728,0.7724202060306403,604598.2046598251,294,S3_twin_shock,indonesia,USDC
729,0.7556098693546169,589483.2495433295,294,S3_twin_shock,indonesia,USDC
730,0.6849847391336703,574746.1683047463,294,S3_twin_shock,indonesia,USDC
731,0.7249369200319464,560377.5140971276,294,S3_twin_shock,indonesia,USDC
732,0.7355635815023501,546368.0762446993,294,S3_twin_shock,indonesia,USDC
733,0.7424603231882764,532708.8743385819,294,S3_twin_shock,indonesia,USDC
734,0.7534127355826953,519391.1524801174,294,S3_twin_shock,indonesia,USDC
735,0.752495301089168,506406.3736681144,294,S3_twin_shock,indonesia,USDC
736,0.7358962869403424,493746.2143264116,294,S3_twin_shock,indonesia,USDC
737,0.7393458565628119,481402.5589682513,294,S3_twin_shock,indonesia,USDC
738,0.7358696357007688,469367.494994045,294,S3_twin_shock,indonesia,USDC
739,0.773939661336725,457633.3076191939,294,S3_twin_shock,indonesia,USDC
740,0.7822211979679502,446192.4749287141,294,S3_twin_shock,indonesia,USDC
741,0.734332766047365,435037.6630554962,294,S3_twin_shock,indonesia,USDC
742,0.7456642930295055,424161.7214791088,294,S3_twin_shock,indonesia,USDC
743,0.789235165622412,413557.6784421311,294,S3_twin_shock,indonesia,USDC
744,0.7757187233168658,403218.7364810778,294,S3_twin_shock,indonesia,USDC
745,0.7781372075033103,393138.26806905086,294,S3_twin_shock,indonesia,USDC
746,0.7779505360908521,383309.8113673246,294,S3_twin_shock,indonesia,USDC
747,0.7580107699751034,373727.0660831414,294,S3_twin_shock,indonesia,USDC
748,0.7885982583194634,364383.8894310629,294,S3_twin_shock,indonesia,USDC
749,0.7603211525660075,355274.29219528637,294,S3_twin_shock,indonesia,USDC
750,0.7487476382481087,346392.4348904042,294,S3_twin_shock,indonesia,USDC
751,0.7214676611176244,337732.6240181441,294,S3_twin_shock,indonesia,USDC
752,0.7462203092208002,329289.30841769045,294,S3_twin_shock,indonesia,USDC
753,0.7286942452739488,321057.07570724824,294,S3_twin_shock,indonesia,USDC
754,0.7304421256630876,313030.648814567,294,S3_twin_shock,indonesia,USDC
755,0.7484019070929833,305204.8825942029,294,S3_twin_shock,indonesia,USDC
756,0.760956738588204,297574.76052934775,294,S3_twin_shock,indonesia,USDC
757,0.7643360785666312,290135.39151611406,294,S3_twin_shock,indonesia,USDC
758,0.7852053917546745,282882.00672821124,294,S3_twin_shock,indonesia,USDC
759,0.7593120137817447,275809.95656000596,294,S3_twin_shock,indonesia,USDC
760,0.7668130592526282,268914.7076460058,294,S3_twin_shock,indonesia,USDC
761,0.8011027847304941,262191.8399548556,294,S3_twin_shock,indonesia,USDC
762,0.7789166883498735,255637.04395598426,294,S3_twin_shock,indonesia,USDC
763,0.7913674702451774,249246.11785708467,294,S3_twin_shock,indonesia,USDC
764,0.7932632142818957,243014.96491065755,294,S3_twin_shock,indonesia,USDC
765,0.7950510675198116,236939.59078789112,294,S3_twin_shock,indonesia,USDC
766,0.8132596998031298,231016.10101819385,294,S3_twin_shock,indonesia,USDC
767,0.8431454266565476,225240.698492739,294,S3_twin_shock,indonesia,USDC
768,0.8183916414256914,219609.68103042053,294,S3_twin_shock,indonesia,USDC
769,0.718756522774822,214119.43900466,294,S3_twin_shock,indonesia,USDC
770,0.7169928304309713,208766.4530295435,294,S3_twin_shock,indonesia,USDC
771,0.7418960959673622,203547.29170380492,294,S3_twin_shock,indonesia,USDC
772,0.7475935670964211,198458.6094112098,294,S3_twin_shock,indonesia,USDC
773,0.7504754509527535,193497.14417592954,294,S3_twin_shock,indonesia,USDC
774,0.7652435048713107,188659.7155715313,294,S3_twin_shock,indonesia,USDC
775,0.76951192402605,183943.222682243,294,S3_twin_shock,indonesia,USDC
776,0.7841635125604515,179344.64211518693,294,S3_twin_shock,indonesia,USDC
777,0.7947260746175653,174861.02606230724,294,S3_twin_shock,indonesia,USDC
778,0.8136354259611254,170489.50041074958,294,S3_twin_shock,indonesia,USDC
779,0.827125061588133,166227.26290048086,294,S3_twin_shock,indonesia,USDC
780,0.8116706228740443,162071.5813279688,294,S3_twin_shock,indonesia,USDC
781,0.8204822954923653,158019.7917947696,294,S3_twin_shock,indonesia,USDC
782,0.8146401199108108,154069.29699990034,294,S3_twin_shock,indonesia,USDC
783,0.8333065536968344,150217.56457490282,294,S3_twin_shock,indonesia,USDC
784,0.8437842802067554,146462.12546053028,294,S3_twin_shock,indonesia,USDC
785,0.8275530355564708,142800.57232401703,294,S3_twin_shock,indonesia,USDC
786,0.8032174422676027,139230.55801591658,294,S3_twin_shock,indonesia,USDC
787,0.8173497590636206,135749.79406551868,294,S3_twin_shock,indonesia,USDC
788,0.8088119485209531,132356.0492138807,294,S3_twin_shock,indonesia,USDC
789,0.8170510829259008,129047.1479835337,294,S3_twin_shock,indonesia,USDC
790,0.8456243843883016,125820.96928394536,294,S3_twin_shock,indonesia,USDC
791,0.8497094414260046,122675.44505184672,294,S3_twin_shock,indonesia,USDC
792,0.8594201478507988,119608.55892555055,294,S3_twin_shock,indonesia,USDC
793,0.8635665603058796,116618.3449524118,294,S3_twin_shock,indonesia,USDC
794,0.8545559779883161,113702.8863286015,294,S3_twin_shock,indonesia,USDC
795,0.8262286335448316,110860.31417038647,294,S3_twin_shock,indonesia,USDC
796,0.8062717734918083,108088.80631612681,294,S3_twin_shock,indonesia,USDC
797,0.8081838930823072,105386.58615822365,294,S3_twin_shock,indonesia,USDC
798,0.82548274515882,102751.92150426806,294,S3_twin_shock,indonesia,USDC
799,0.8031994773814394,100183.12346666135,294,S3_twin_shock,indonesia,USDC
800,0.8223106371061928,97678.54537999482,294,S3_twin_shock,indonesia,USDC
801,0.8134286217196847,95236.58174549494,294,S3_twin_shock,indonesia,USDC
802,0.8259786047642824,92855.66720185758,294,S3_twin_shock,indonesia,USDC
803,0.8301089790112973,90534.27552181113,294,S3_twin_shock,indonesia,USDC
804,0.8478760022382424,88270.91863376586,294,S3_twin_shock,indonesia,USDC
805,0.832263435369908,86064.14566792171,294,S3_twin_shock,indonesia,USDC
806,0.8107082624351225,83912.54202622367,294,S3_twin_shock,indonesia,USDC
807,0.7958991365380658,81814.72847556807,294,S3_twin_shock,indonesia,USDC
808,0.7936838601719408,79769.36026367887,294,S3_twin_shock,indonesia,USDC
809,0.8027542777387046,77775.1262570869,294,S3_twin_shock,indonesia,USDC
810,0.7932522273467337,75830.74810065974,294,S3_twin_shock,indonesia,USDC
811,0.7757128679539625,73934.97939814324,294,S3_twin_shock,indonesia,USDC
812,0.8044577262376251,72086.60491318966,294,S3_twin_shock,indonesia,USDC
813,0.8094893137079933,70284.43979035992,294,S3_twin_shock,indonesia,USDC
814,0.8059096785680349,68527.32879560092,294,S3_twin_shock,indonesia,USDC
815,0.8022812731111606,66814.14557571089,294,S3_twin_shock,indonesia,USDC
816,0.7926446108380556,65143.79193631813,294,S3_twin_shock,indonesia,USDC
817,0.7977464319485423,63515.197137910174,294,S3_twin_shock,indonesia,USDC
818,0.7727968310775553,61927.31720946243,294,S3_twin_shock,indonesia,USDC
819,0.7614285654232046,60379.134279225866,294,S3_twin_shock,indonesia,USDC
820,0.7624677977182047,58869.65592224522,294,S3_twin_shock,indonesia,USDC
821,0.756454043901829,57397.91452418909,294,S3_twin_shock,indonesia,USDC
822,0.7684531752727137,55962.96666108436,294,S3_twin_shock,indonesia,USDC
823,0.7560385437737119,54563.89249455726,294,S3_twin_shock,indonesia,USDC
824,0.7495442222757137,53199.795182193324,294,S3_twin_shock,indonesia,USDC
825,0.7475161448226001,51869.80030263849,294,S3_twin_shock,indonesia,USDC
826,0.760929286682839,50573.055295072525,294,S3_twin_shock,indonesia,USDC
827,0.7545500049039916,49308.72891269572,294,S3_twin_shock,indonesia,USDC
828,0.7689617155505774,48076.01068987833,294,S3_twin_shock,indonesia,USDC
829,0.7716210078337538,46874.11042263137,294,S3_twin_shock,indonesia,USDC
830,0.7605801426512477,45702.25766206558,294,S3_twin_shock,indonesia,USDC
831,0.7604258809538976,44559.70122051395,294,S3_twin_shock,indonesia,USDC
832,0.780390059424075,43445.7086900011,294,S3_twin_shock,indonesia,USDC
833,0.7918229933315343,42359.565972751065,294,S3_twin_shock,indonesia,USDC
834,0.8319425423503999,41300.57682343229,294,S3_twin_shock,indonesia,USDC
835,0.8467368736822491,40268.06240284649,294,S3_twin_shock,indonesia,USDC
836,0.842568740420116,39261.36084277532,294,S3_twin_shock,indonesia,USDC
837,0.8416824658705978,38279.82682170594,294,S3_twin_shock,indonesia,USDC
838,0.8238056883995665,37322.83115116329,294,S3_twin_shock,indonesia,USDC
839,0.8147018995806188,36389.76037238421,294,S3_twin_shock,indonesia,USDC
840,0.7888507682954776,35480.0163630746,294,S3_twin_shock,indonesia,USDC
841,0.7964029954380507,34593.01595399773,294,S3_twin_shock,indonesia,USDC
842,0.7998481733074853,33728.19055514779,294,S3_twin_shock,indonesia,USDC
843,0.7778655783746583,32884.9857912691,294,S3_twin_shock,indonesia,USDC
844,0.7850904428215038,32062.86114648737,294,S3_twin_shock,indonesia,USDC
845,0.8178590197344577,31261.289617825183,294,S3_twin_shock,indonesia,USDC
846,0.8112786321872969,30479.757377379556,294,S3_twin_shock,indonesia,USDC
847,0.7926284163246193,29717.763442945066,294,S3_twin_shock,indonesia,USDC
848,0.7965524010246683,28974.81935687144,294,S3_twin_shock,indonesia,USDC
849,0.7868406793704164,28250.44887294965,294,S3_twin_shock,indonesia,USDC
850,0.7939155109710908,27544.18765112591,294,S3_twin_shock,indonesia,USDC
851,0.8035330700430675,26855.582959847765,294,S3_twin_shock,indonesia,USDC
852,0.8063691770564296,26184.19338585157,294,S3_twin_shock,indonesia,USDC
853,0.8027282616800444,25529.588551205277,294,S3_twin_shock,indonesia,USDC
854,0.7812966032907135,24891.348837425146,294,S3_twin_shock,indonesia,USDC
855,0.7657557195302692,24269.06511648952,294,S3_twin_shock,indonesia,USDC
856,0.7765145341362865,23662.338488577283,294,S3_twin_shock,indonesia,USDC
857,0.780040299829621,23070.78002636285,294,S3_twin_shock,indonesia,USDC
858,0.7769014651143088,22494.01052570378,294,S3_twin_shock,indonesia,USDC
859,0.7977166883867168,21931.660262561185,294,S3_twin_shock,indonesia,USDC
860,0.8086300313219543,21383.368755997155,294,S3_twin_shock,indonesia,USDC
861,0.7960615165652424,20848.784537097225,294,S3_twin_shock,indonesia,USDC
862,0.8133114064241505,20327.564923669794,294,S3_twin_shock,indonesia,USDC
863,0.7940108448144974,19819.37580057805,294,S3_twin_shock,indonesia,USDC
864,0.7227353851006038,19323.8914055636,294,S3_twin_shock,indonesia,USDC
865,0.7416583102743264,18840.794120424507,294,S3_twin_shock,indonesia,USDC
866,0.7458585519283059,18369.774267413897,294,S3_twin_shock,indonesia,USDC
867,0.7438535162333636,17910.52991072855,294,S3_twin_shock,indonesia,USDC
868,0.7403492268312927,17462.766662960337,294,S3_twin_shock,indonesia,USDC
869,0.7480861114668164,17026.19749638633,294,S3_twin_shock,indonesia,USDC
870,0.7498967173094951,16600.54255897667,294,S3_twin_shock,indonesia,USDC
871,0.7539011880269753,16185.528995002252,294,S3_twin_shock,indonesia,USDC
872,0.7922037357189656,15780.890770127196,294,S3_twin_shock,indonesia,USDC
873,0.8003549084013752,15386.368500874018,294,S3_twin_shock,indonesia,USDC
874,0.7752936690917497,15001.709288352167,294,S3_twin_shock,indonesia,USDC
875,0.786603569704757,14626.666556143362,294,S3_twin_shock,indonesia,USDC
876,0.7834409968836928,14260.999892239779,294,S3_twin_shock,indonesia,USDC
877,0.7976585991815055,13904.474894933785,294,S3_twin_shock,indonesia,USDC
878,0.7952891921204781,13556.86302256044,294,S3_twin_shock,indonesia,USDC
879,0.7992544841607409,13217.941446996429,294,S3_twin_shock,indonesia,USDC
880,0.7839327332842714,12887.492910821518,294,S3_twin_shock,indonesia,USDC
881,0.7722589483860377,12565.30558805098,294,S3_twin_shock,indonesia,USDC
882,0.7674024571507597,12251.172948349706,294,S3_twin_shock,indonesia,USDC
883,0.7989873648516508,11944.893624640963,294,S3_twin_shock,indonesia,USDC
884,0.7847109985592658,11646.27128402494,294,S3_twin_shock,indonesia,USDC
885,0.7920082186862922,11355.114501924316,294,S3_twin_shock,indonesia,USDC
886,0.8076896979242264,11071.236639376208,294,S3_twin_shock,indonesia,USDC
887,0.8249764435621637,10794.455723391802,294,S3_twin_shock,indonesia,USDC
888,0.822537971275166,10524.594330307007,294,S3_twin_shock,indonesia,USDC
889,0.8394491507291697,10261.479472049332,294,S3_twin_shock,indonesia,USDC
890,0.8326591572608683,10004.942485248099,294,S3_twin_shock,indonesia,USDC
891,0.8344618272338656,9754.818923116896,294,S3_twin_shock,indonesia,USDC
892,0.8145951822744706,9510.948450038974,294,S3_twin_shock,indonesia,USDC
893,0.8051270072428514,9273.174738788,294,S3_twin_shock,indonesia,USDC
894,0.8080230969082595,9041.3453703183,294,S3_twin_shock,indonesia,USDC
895,0.7760426925588277,8815.311736060343,294,S3_twin_shock,indonesia,USDC
896,0.765379437442365,8594.928942658833,294,S3_twin_shock,indonesia,USDC
897,0.7610384817933302,8380.055719092361,294,S3_twin_shock,indonesia,USDC
898,0.7387481654906174,8170.554326115053,294,S3_twin_shock,indonesia,USDC
899,0.7191911290328258,7966.290467962177,294,S3_twin_shock,indonesia,USDC
900,0.7270655659744212,7767.133206263122,294,S3_twin_shock,indonesia,USDC
901,0.7305673531196756,7572.954876106544,294,S3_twin_shock,indonesia,USDC
902,0.7396069089587454,7383.631004203881,294,S3_twin_shock,indonesia,USDC
903,0.7442725929138605,7199.040229098784,294,S3_twin_shock,indonesia,USDC
904,0.731434414050095,7019.064223371315,294,S3_twin_shock,indonesia,USDC
905,0.707430963370201,6843.587617787031,294,S3_twin_shock,indonesia,USDC
906,0.7125351710412043,6672.497927342356,294,S3_twin_shock,indonesia,USDC
907,0.7325837236902635,6505.685479158797,294,S3_twin_shock,indonesia,USDC
908,0.7351017141625213,6343.043342179828,294,S3_twin_shock,indonesia,USDC
909,0.739130901093053,6184.467258625332,294,S3_twin_shock,indonesia,USDC
910,0.760187980511648,6029.855577159698,294,S3_twin_shock,indonesia,USDC
911,0.7700529086756198,5879.109187730705,294,S3_twin_shock,indonesia,USDC
912,0.7786372339291672,5732.131458037438,294,S3_twin_shock,indonesia,USDC
913,0.7660918890950761,5588.828171586501,294,S3_twin_shock,indonesia,USDC
914,0.7876681691750382,5449.107467296839,294,S3_twin_shock,indonesia,USDC
915,0.8025477379385105,5312.879780614418,294,S3_twin_shock,indonesia,USDC
916,0.7878349101009597,5180.057786099058,294,S3_twin_shock,indonesia,USDC
917,0.7977609780933238,5050.556341446581,294,S3_twin_shock,indonesia,USDC
918,0.7898527525928819,4924.292432910417,294,S3_twin_shock,indonesia,USDC
919,0.7908490441532937,4801.185122087656,294,S3_twin_shock,indonesia,USDC
920,0.7823601070113932,4681.155494035465,294,S3_twin_shock,indonesia,USDC
921,0.7722419729327193,4564.126606684578,294,S3_twin_shock,indonesia,USDC
922,0.8007063838705688,4450.023441517464,294,S3_twin_shock,indonesia,USDC
923,0.7996139431710464,4338.772855479528,294,S3_twin_shock,indonesia,USDC
924,0.818156523676403,4230.30353409254,294,S3_twin_shock,indonesia,USDC
925,0.8280372884505013,4124.545945740226,294,S3_twin_shock,indonesia,USDC
926,0.8283988123958457,4021.43229709672,294,S3_twin_shock,indonesia,USDC
927,0.784806314452014,3920.896489669302,294,S3_twin_shock,indonesia,USDC
928,0.7993205113596358,3822.8740774275693,294,S3_twin_shock,indonesia,USDC
929,0.7842409014510583,3727.3022254918806,294,S3_twin_shock,indonesia,USDC
930,0.7715467635810405,3634.1196698545837,294,S3_twin_shock,indonesia,USDC
931,0.7669644986530231,3543.266678108219,294,S3_twin_shock,indonesia,USDC
932,0.7722000207364945,3454.6850111555136,294,S3_twin_shock,indonesia,USDC
933,0.7768115349984007,3368.317885876626,294,S3_twin_shock,indonesia,USDC
934,0.7846888059429677,3284.10993872971,294,S3_twin_shock,indonesia,USDC
935,0.7666505385048197,3202.0071902614673,294,S3_twin_shock,indonesia,USDC
936,0.794420611220757,3121.9570105049306,294,S3_twin_shock,indonesia,USDC
937,0.7711170339987435,3043.9080852423076,294,S3_twin_shock,indonesia,USDC
938,0.7682324305127323,2967.8103831112494,294,S3_twin_shock,indonesia,USDC
939,0.7657275969553621,2893.6151235334682,294,S3_twin_shock,indonesia,USDC
940,0.7446369979903898,2821.274745445132,294,S3_twin_shock,indonesia,USDC
941,0.7438101991686683,2750.7428768090035,294,S3_twin_shock,indonesia,USDC
942,0.7582339176173816,2681.9743048887785,294,S3_twin_shock,indonesia,USDC
943,0.7665253056413843,2614.9249472665592,294,S3_twin_shock,indonesia,USDC
944,0.7590237450763179,2549.551823584895,294,S3_twin_shock,indonesia,USDC
945,0.7710565489287177,2485.8130279952725,294,S3_twin_shock,indonesia,USDC
946,0.7653711554991792,2423.667702295391,294,S3_twin_shock,indonesia,USDC
947,0.7626239748895566,2363.076009738006,294,S3_twin_shock,indonesia,USDC
948,0.7379379845674428,2303.999109494556,294,S3_twin_shock,indonesia,USDC
949,0.7599804336094863,2246.3991317571918,294,S3_twin_shock,indonesia,USDC
950,0.7558970174195802,2190.239153463262,294,S3_twin_shock,indonesia,USDC
951,0.7686594175086404,2135.4831746266805,294,S3_twin_shock,indonesia,USDC
952,0.7637046784002024,2082.0960952610135,294,S3_twin_shock,indonesia,USDC
953,0.7488162036125442,2030.0436928794882,294,S3_twin_shock,indonesia,USDC
954,0.7625712431983939,1979.292600557501,294,S3_twin_shock,indonesia,USDC
955,0.7643393555947975,1929.8102855435632,294,S3_twin_shock,indonesia,USDC
956,0.7879429461989692,1881.5650284049743,294,S3_twin_shock,indonesia,USDC
957,0.7723387594201819,1834.52590269485,294,S3_twin_shock,indonesia,USDC
958,0.7572510524583717,1788.6627551274787,294,S3_twin_shock,indonesia,USDC
959,0.7379389903814456,1743.9461862492917,294,S3_twin_shock,indonesia,USDC
960,0.7423903623226235,1700.3475315930596,294,S3_twin_shock,indonesia,USDC
961,0.7294052167662214,1657.8388433032333,294,S3_twin_shock,indonesia,USDC
962,0.7341522346743573,1616.3928722206522,294,S3_twin_shock,indonesia,USDC
963,0.7549955985974094,1575.983050415136,294,S3_twin_shock,indonesia,USDC
964,0.7713935830226204,1536.5834741547574,294,S3_twin_shock,indonesia,USDC
965,0.7715286687082297,1498.1688873008884,294,S3_twin_shock,indonesia,USDC
966,0.7902828758355811,1460.7146651183664,294,S3_twin_shock,indonesia,USDC
967,0.7894283879898115,1424.1967984904072,294,S3_twin_shock,indonesia,USDC
968,0.7956847817567902,1388.591878528147,294,S3_twin_shock,indonesia,USDC
969,0.7862007009889644,1353.8770815649434,294,S3_twin_shock,indonesia,USDC
970,0.790323212463185,1320.0301545258199,294,S3_twin_shock,indonesia,USDC
971,0.7653153119970211,1287.029400662674,294,S3_twin_shock,indonesia,USDC
972,0.7708286001480871,1254.8536656461074,294,S3_twin_shock,indonesia,USDC
973,0.7733334579836085,1223.4823240049545,294,S3_twin_shock,indonesia,USDC
974,0.7800104807032646,1192.895265904831,294,S3_twin_shock,indonesia,USDC
975,0.77391068474291,1163.0728842572103,294,S3_twin_shock,indonesia,USDC
976,0.764570738446096,1133.9960621507798,294,S3_twin_shock,indonesia,USDC
977,0.745846407885933,1105.6461605970103,294,S3_twin_shock,indonesia,USDC
978,0.7571953128616178,1078.0050065820851,294,S3_twin_shock,indonesia,USDC
979,0.7625509808774192,1051.054881417533,294,S3_twin_shock,indonesia,USDC
980,0.7803960871952483,1024.7785093820944,294,S3_twin_shock,indonesia,USDC
981,0.7837170550941369,999.1590466475423,294,S3_twin_shock,indonesia,USDC
982,0.7993515660971583,974.1800704813538,294,S3_twin_shock,indonesia,USDC
983,0.8150485431925649,949.8255687193198,294,S3_twin_shock,indonesia,USDC
984,0.8089391644229943,926.0799295013368,294,S3_twin_shock,indonesia,USDC
985,0.7974509004642184,902.9279312638034,294,S3_twin_shock,indonesia,USDC
986,0.7972984839954493,880.3547329822082,294,S3_twin_shock,indonesia,USDC
987,0.7974851464939305,858.3458646576531,294,S3_twin_shock,indonesia,USDC
988,0.810675731580202,836.8872180412118,294,S3_twin_shock,indonesia,USDC
989,0.8063256523172094,815.9650375901815,294,S3_twin_shock,indonesia,USDC
990,0.7956436549712698,795.565911650427,294,S3_twin_shock,indonesia,USDC
991,0.8012191484102821,775.6767638591662,294,S3_twin_shock,indonesia,USDC
992,0.8212312076911629,756.284844762687,294,S3_twin_shock,indonesia,USDC
993,0.8046839252799125,737.3777236436199,294,S3_twin_shock,indonesia,USDC
994,0.8282018903035178,718.9432805525294,294,S3_twin_shock,indonesia,USDC
995,0.8155937346464839,700.9696985387161,294,S3_twin_shock,indonesia,USDC
996,0.8070904522373109,683.4454560752482,294,S3_twin_shock,indonesia,USDC
997,0.8377880060769559,666.359319673367,294,S3_twin_shock,indonesia,USDC
998,0.8275084380832388,649.7003366815328,294,S3_twin_shock,indonesia,USDC
999,0.8231973971336747,633.4578282644945,294,S3_twin_shock,indonesia,USDC
1000,0.812602662875735,617.6213825578822,294,S3_twin_shock,indonesia,USDC
