Step,price,liquidity,iteration,scenario,region,coin
1,0.9784446611689691,2989177279022.8857,440,S3_twin_shock,indonesia,USDC
2,0.9686927521721452,2989177279022.8857,440,S3_twin_shock,indonesia,USDC
3,0.9632677377631856,2989096418332.503,440,S3_twin_shock,indonesia,USDC
4,0.9428286584872145,2988680550952.259,440,S3_twin_shock,indonesia,USDC
5,0.9558311426929078,2987013763609.248,440,S3_twin_shock,indonesia,USDC
6,0.9532307810527875,2986180616211.548,440,S3_twin_shock,indonesia,USDC
7,0.9566895837689179,2985220058224.786,440,S3_twin_shock,indonesia,USDC
8,0.9376163233462679,2984474246970.401,440,S3_twin_shock,indonesia,USDC
9,0.9350802344825241,2982661833924.892,440,S3_twin_shock,indonesia,USDC
10,0.9323174350084826,2980771387367.2266,440,S3_twin_shock,indonesia,USDC
11,0.9259922849562086,2978821527992.089,440,S3_twin_shock,indonesia,USDC
12,0.9301963703484804,2976569229061.986,440,S3_twin_shock,indonesia,USDC
13,0.958753576559195,2974642929885.767,440,S3_twin_shock,indonesia,USDC
14,0.9539943061661645,2974115789719.153,440,S3_twin_shock,indonesia,USDC
15,0.933432419114193,2973374272148.48,440,S3_twin_shock,indonesia,USDC
16,0.9336329265402987,2971761272270.7075,440,S3_twin_shock,indonesia,USDC
17,0.9613275948705298,2970164720507.15,440,S3_twin_shock,indonesia,USDC
18,0.9506263289392257,2969818656703.0195,440,S3_twin_shock,indonesia,USDC
19,0.9446281196875346,2969020079779.3027,440,S3_twin_shock,indonesia,USDC
20,0.9469008901387768,2968022380485.883,440,S3_twin_shock,indonesia,USDC
21,0.9291255451963397,2967097342067.054,440,S3_twin_shock,indonesia,USDC
22,0.8858993564685027,2965556571519.744,440,S3_twin_shock,indonesia,USDC
23,0.9156487007524742,2962402425220.5625,440,S3_twin_shock,indonesia,USDC
24,0.919970924959943,2960562485740.047,440,S3_twin_shock,indonesia,USDC
25,0.9305948083635103,2959004652028.6924,440,S3_twin_shock,indonesia,USDC
26,0.9440881662152246,2957810354228.342,440,S3_twin_shock,indonesia,USDC
27,0.9572970387114981,2957087243751.1284,440,S3_twin_shock,indonesia,USDC
28,0.9862316496538617,2956743078344.555,440,S3_twin_shock,indonesia,USDC
29,1.0076963739075473,2956743078344.555,440,S3_twin_shock,indonesia,USDC
30,1.0236835186472006,2956743078344.555,440,S3_twin_shock,indonesia,USDC
31,1.007836965788449,2956743078344.555,440,S3_twin_shock,indonesia,USDC
32,1.0024132397618628,2956743078344.555,440,S3_twin_shock,indonesia,USDC
33,1.0092074871861907,2956743078344.555,440,S3_twin_shock,indonesia,USDC
34,1.0472638364225815,2956743078344.555,440,S3_twin_shock,indonesia,USDC
35,1.0541197927140737,2956743078344.555,440,S3_twin_shock,indonesia,USDC
36,1.0430280176990272,2956743078344.555,440,S3_twin_shock,indonesia,USDC
37,1.0136616648842616,2956743078344.555,440,S3_twin_shock,indonesia,USDC
38,1.0032293942557065,2956743078344.555,440,S3_twin_shock,indonesia,USDC
39,1.031649032700636,2956743078344.555,440,S3_twin_shock,indonesia,USDC
40,1.0212091750634755,2956743078344.555,440,S3_twin_shock,indonesia,USDC
41,1.01044582448853,2956743078344.555,440,S3_twin_shock,indonesia,USDC
42,1.0199798215950988,2956743078344.555,440,S3_twin_shock,indonesia,USDC
43,1.024591807604775,2956743078344.555,440,S3_twin_shock,indonesia,USDC
44,0.9998585124885812,2956743078344.555,440,S3_twin_shock,indonesia,USDC
45,1.0225250853215735,2956743078344.555,440,S3_twin_shock,indonesia,USDC
46,1.0034835404318976,2956743078344.555,440,S3_twin_shock,indonesia,USDC
47,1.0128515856288154,2956743078344.555,440,S3_twin_shock,indonesia,USDC
48,1.0055813895945864,2956743078344.555,440,S3_twin_shock,indonesia,USDC
49,1.0112047644537068,2956743078344.555,440,S3_twin_shock,indonesia,USDC
50,1.0115082238287554,2956743078344.555,440,S3_twin_shock,indonesia,USDC
51,1.006238683639932,2956743078344.555,440,S3_twin_shock,indonesia,USDC
52,1.004989956856194,2956743078344.555,440,S3_twin_shock,indonesia,USDC
53,0.9730156642830735,2956743078344.555,440,S3_twin_shock,indonesia,USDC
54,0.9789411392994621,2956743078344.555,440,S3_twin_shock,indonesia,USDC
55,0.9848183047519364,2956743078344.555,440,S3_twin_shock,indonesia,USDC
56,0.9788686623379438,2956743078344.555,440,S3_twin_shock,indonesia,USDC
57,0.9849749909531093,2956743078344.555,440,S3_twin_shock,indonesia,USDC
58,0.975204553739288,2956743078344.555,440,S3_twin_shock,indonesia,USDC
59,0.9656832423558371,2956743078344.555,440,S3_twin_shock,indonesia,USDC
60,0.9561938836437086,2956620403215.7515,440,S3_twin_shock,indonesia,USDC
61,0.963779644188895,2956254206015.645,440,S3_twin_shock,indonesia,USDC
62,0.998571732473777,2956090748053.2974,440,S3_twin_shock,indonesia,USDC
63,1.0302584409366287,2956090748053.2974,440,S3_twin_shock,indonesia,USDC
64,1.029833291475949,2956090748053.2974,440,S3_twin_shock,indonesia,USDC
65,1.0237569357189735,2956090748053.2974,440,S3_twin_shock,indonesia,USDC
66,1.0198141180509765,2956090748053.2974,440,S3_twin_shock,indonesia,USDC
67,1.0220188490491122,2956090748053.2974,440,S3_twin_shock,indonesia,USDC
68,1.041960090337912,2956090748053.2974,440,S3_twin_shock,indonesia,USDC
69,0.9809951774261105,2956090748053.2974,440,S3_twin_shock,indonesia,USDC
70,1.0094765798401777,2956090748053.2974,440,S3_twin_shock,indonesia,USDC
71,1.0052487956842127,2956090748053.2974,440,S3_twin_shock,indonesia,USDC
72,1.0040511909238452,2956090748053.2974,440,S3_twin_shock,indonesia,USDC
73,0.9891001674807426,2956090748053.2974,440,S3_twin_shock,indonesia,USDC
74,0.9985615811353741,2956090748053.2974,440,S3_twin_shock,indonesia,USDC
75,0.986844420704073,2956090748053.2974,440,S3_twin_shock,indonesia,USDC
76,0.9694532207515043,2956090748053.2974,440,S3_twin_shock,indonesia,USDC
77,0.8358317475875012,2956075577201.3687,440,S3_twin_shock,indonesia,USDC
78,0.8401821697262911,2952404202700.0957,440,S3_twin_shock,indonesia,USDC
79,0.8274878104879594,2949384467906.431,440,S3_twin_shock,indonesia,USDC
80,0.8591965504787272,2946551197482.078,440,S3_twin_shock,indonesia,USDC
81,0.8969245760055637,2944635360859.546,440,S3_twin_shock,indonesia,USDC
82,0.9085894442352765,2943518886713.97,440,S3_twin_shock,indonesia,USDC
83,0.9343814948879777,2942652362187.0576,440,S3_twin_shock,indonesia,USDC
84,0.9281242026489348,2942201519357.103,440,S3_twin_shock,indonesia,USDC
85,0.9088557437425716,2941655314049.3994,440,S3_twin_shock,indonesia,USDC
86,0.9404087292215627,2940868757171.822,440,S3_twin_shock,indonesia,USDC
87,0.9430434512295736,2940524057779.593,440,S3_twin_shock,indonesia,USDC
88,0.9837704971614203,2940208727887.8994,440,S3_twin_shock,indonesia,USDC
89,1.0105423849701625,2940208727887.8994,440,S3_twin_shock,indonesia,USDC
90,1.0159536679379213,2940208727887.8994,440,S3_twin_shock,indonesia,USDC
91,1.0033994707316047,2940208727887.8994,440,S3_twin_shock,indonesia,USDC
92,0.9588588257339736,2940208727887.8994,440,S3_twin_shock,indonesia,USDC
93,0.9163940099891698,2940082023460.877,440,S3_twin_shock,indonesia,USDC
94,0.8995896974579218,2939479384675.9146,440,S3_twin_shock,indonesia,USDC
95,0.8770146740617311,2938784897563.9785,440,S3_twin_shock,indonesia,USDC
96,0.8724953295682889,2937863900098.4795,440,S3_twin_shock,indonesia,USDC
97,0.9087660827039185,2937047810523.9736,440,S3_twin_shock,indonesia,USDC
98,0.9212788945114161,2936575707206.0557,440,S3_twin_shock,indonesia,USDC
99,0.9357862343030592,2936204099371.0435,440,S3_twin_shock,indonesia,USDC
100,0.9517483294628151,2935979508592.4717,440,S3_twin_shock,indonesia,USDC
101,0.8172725658426185,2935857188002.682,440,S3_twin_shock,indonesia,USDC
102,0.81471413610694,2934805429900.7344,440,S3_twin_shock,indonesia,USDC
103,0.8165418266831683,2933922168985.9727,440,S3_twin_shock,indonesia,USDC
104,0.8135164699503317,2933201455525.038,440,S3_twin_shock,indonesia,USDC
105,0.8692152612462556,2932552262386.2754,440,S3_twin_shock,indonesia,USDC
106,0.8958056531789409,2932216744999.098,440,S3_twin_shock,indonesia,USDC
107,0.919431114301092,2931989661132.564,440,S3_twin_shock,indonesia,USDC
108,0.9713077017452011,2931846919634.6685,440,S3_twin_shock,indonesia,USDC
109,0.9940634619138999,2931846919634.6685,440,S3_twin_shock,indonesia,USDC
110,0.9794037513195453,2931846919634.6685,440,S3_twin_shock,indonesia,USDC
111,0.9642145608932999,2931846919634.6685,440,S3_twin_shock,indonesia,USDC
112,0.9747239372979032,2931832648879.0293,440,S3_twin_shock,indonesia,USDC
113,1.003287283858325,2931832648879.0293,440,S3_twin_shock,indonesia,USDC
114,0.9775463295799331,2931832648879.0293,440,S3_twin_shock,indonesia,USDC
115,0.9962491752387571,2931832648879.0293,440,S3_twin_shock,indonesia,USDC
116,0.9828666304779868,2931832648879.0293,440,S3_twin_shock,indonesia,USDC
117,0.9684571774518711,2931832648879.0293,440,S3_twin_shock,indonesia,USDC
118,1.0162751334678555,2931829830218.6,440,S3_twin_shock,indonesia,USDC
119,1.0462985415239263,2931829830218.6,440,S3_twin_shock,indonesia,USDC
120,1.028645098522133,2931829830218.6,440,S3_twin_shock,indonesia,USDC
121,0.9922093123967558,2858534084463.135,440,S3_twin_shock,indonesia,USDC
122,0.9832597372824637,2787070732351.5566,440,S3_twin_shock,indonesia,USDC
123,0.9637321681578616,2717393964042.7676,440,S3_twin_shock,indonesia,USDC
124,0.9164658474198091,2649447238405.5737,440,S3_twin_shock,indonesia,USDC
125,0.9021505050457842,2583080063759.4507,440,S3_twin_shock,indonesia,USDC
126,0.9089543459947228,2518336257182.2476,440,S3_twin_shock,indonesia,USDC
127,0.9020870067092758,2455245262428.716,440,S3_twin_shock,indonesia,USDC
128,0.9096514647974168,2393717602743.993,440,S3_twin_shock,indonesia,USDC
129,0.8804615710277646,2333750391617.7495,440,S3_twin_shock,indonesia,USDC
130,0.8632068310366953,2275241434368.6675,440,S3_twin_shock,indonesia,USDC
131,0.8323007236079334,2218172356960.335,440,S3_twin_shock,indonesia,USDC
132,0.8206555895549501,2162502280978.9497,440,S3_twin_shock,indonesia,USDC
133,0.8023789491609813,2108246955521.6772,440,S3_twin_shock,indonesia,USDC
134,0.7702014437374882,2055348725890.7588,440,S3_twin_shock,indonesia,USDC
135,0.7733665984809382,2003775643107.7905,440,S3_twin_shock,indonesia,USDC
136,0.7486613801729894,1953538932772.9253,440,S3_twin_shock,indonesia,USDC
137,0.7614313943554614,1904571440930.9062,440,S3_twin_shock,indonesia,USDC
138,0.741406195502621,1856862286602.8486,440,S3_twin_shock,indonesia,USDC
139,0.7289779114033405,1810355001165.559,440,S3_twin_shock,indonesia,USDC
140,0.7525824331924786,1765029614487.9858,440,S3_twin_shock,indonesia,USDC
141,0.7377365817955107,1720856460549.3867,440,S3_twin_shock,indonesia,USDC
142,0.735472909040567,1677795750964.0166,440,S3_twin_shock,indonesia,USDC
143,0.7453087716808393,1635820677621.26,440,S3_twin_shock,indonesia,USDC
144,0.7519786651767678,1594904480132.9004,440,S3_twin_shock,indonesia,USDC
145,0.7421216370104177,1555015559284.6062,440,S3_twin_shock,indonesia,USDC
146,0.761568863725724,1516126626055.1409,440,S3_twin_shock,indonesia,USDC
147,0.760252268300689,1478214524492.007,440,S3_twin_shock,indonesia,USDC
148,0.7493606449141983,1441251700117.7268,440,S3_twin_shock,indonesia,USDC
149,0.7641464073151094,1405214104200.3276,440,S3_twin_shock,indonesia,USDC
150,0.7607801480951096,1370079382904.5967,440,S3_twin_shock,indonesia,USDC
151,0.7659149044884924,1335823862272.375,440,S3_twin_shock,indonesia,USDC
152,0.7666468736185699,1302425479774.3281,440,S3_twin_shock,indonesia,USDC
153,0.7604417565211701,1269862724816.292,440,S3_twin_shock,indonesia,USDC
154,0.7590787581474755,1238114405009.2075,440,S3_twin_shock,indonesia,USDC
155,0.7760680603958758,1207160140858.8103,440,S3_twin_shock,indonesia,USDC
156,0.792233981634808,1176980048917.1328,440,S3_twin_shock,indonesia,USDC
157,0.7925301534718063,1147554765427.9502,440,S3_twin_shock,indonesia,USDC
158,0.7913770728589704,1118865280736.0732,440,S3_twin_shock,indonesia,USDC
159,0.7927714410138844,1090893104052.4841,440,S3_twin_shock,indonesia,USDC
160,0.8001780082027051,1063620335553.4529,440,S3_twin_shock,indonesia,USDC
161,0.7945791080841145,1037029488471.2554,440,S3_twin_shock,indonesia,USDC
162,0.7768427642784675,1011103473141.6772,440,S3_twin_shock,indonesia,USDC
163,0.7635449370458103,985825626903.3798,440,S3_twin_shock,indonesia,USDC
164,0.7762998391981126,961179766319.4644,440,S3_twin_shock,indonesia,USDC
165,0.7584153686078862,937150103977.5427,440,S3_twin_shock,indonesia,USDC
166,0.7740686429681068,913721199836.4811,440,S3_twin_shock,indonesia,USDC
167,0.7693144111471195,890878061830.3956,440,S3_twin_shock,indonesia,USDC
168,0.8079520317127321,868606017527.0493,440,S3_twin_shock,indonesia,USDC
169,0.8071448940433351,846890807685.7911,440,S3_twin_shock,indonesia,USDC
170,0.8077784201500126,825718490712.2689,440,S3_twin_shock,indonesia,USDC
171,0.831198541173696,805075489206.9851,440,S3_twin_shock,indonesia,USDC
172,0.8359795307650577,784948573099.0759,440,S3_twin_shock,indonesia,USDC
173,0.8274165523046857,765324835257.61,440,S3_twin_shock,indonesia,USDC
174,0.838458097682768,746191691185.608,440,S3_twin_shock,indonesia,USDC
175,0.8185082773070462,727536881776.7393,440,S3_twin_shock,indonesia,USDC
176,0.8171446982662648,709348442488.6327,440,S3_twin_shock,indonesia,USDC
177,0.8005214674284619,691614715961.4689,440,S3_twin_shock,indonesia,USDC
178,0.7809777646826966,674324334128.3489,440,S3_twin_shock,indonesia,USDC
179,0.7774981939777292,657466212513.01,440,S3_twin_shock,indonesia,USDC
180,0.7702578398315972,641029545780.7529,440,S3_twin_shock,indonesia,USDC
181,0.7667476730980516,625003797638.7826,440,S3_twin_shock,indonesia,USDC
182,0.7515846093138375,609378695463.8894,440,S3_twin_shock,indonesia,USDC
183,0.7465964430210886,594144221590.5269,440,S3_twin_shock,indonesia,USDC
184,0.7719449736991312,579290611074.8577,440,S3_twin_shock,indonesia,USDC
185,0.753773841902614,564808342205.3574,440,S3_twin_shock,indonesia,USDC
186,0.7701258459068866,550688130636.609,440,S3_twin_shock,indonesia,USDC
187,0.7854412987149328,536920925128.47015,440,S3_twin_shock,indonesia,USDC
188,0.7874834465162486,523497900340.2876,440,S3_twin_shock,indonesia,USDC
189,0.7760090050415236,510410451516.973,440,S3_twin_shock,indonesia,USDC
190,0.8172129058253588,497650189078.6293,440,S3_twin_shock,indonesia,USDC
191,0.8101602543983608,485208933571.28546,440,S3_twin_shock,indonesia,USDC
192,0.8303681007070057,473078709557.3518,440,S3_twin_shock,indonesia,USDC
193,0.8219305344355456,461251741324.6168,440,S3_twin_shock,indonesia,USDC
194,0.8211328469549477,449720447332.7062,440,S3_twin_shock,indonesia,USDC
195,0.814112602058859,438477435782.0145,440,S3_twin_shock,indonesia,USDC
196,0.8131464642553107,427515499537.2174,440,S3_twin_shock,indonesia,USDC
197,0.8004499109425083,416827611770.62366,440,S3_twin_shock,indonesia,USDC
198,0.7769262641135382,406406921215.6052,440,S3_twin_shock,indonesia,USDC
199,0.7786972912550999,396246747938.0675,440,S3_twin_shock,indonesia,USDC
200,0.7577065528339697,386340579045.7993,440,S3_twin_shock,indonesia,USDC
201,0.7503080863110355,376682064387.2307,440,S3_twin_shock,indonesia,USDC
202,0.7706020282044946,367265012629.468,440,S3_twin_shock,indonesia,USDC
203,0.7741760379716031,358083387209.0955,440,S3_twin_shock,indonesia,USDC
204,0.7904211519023512,349131302446.8308,440,S3_twin_shock,indonesia,USDC
205,0.803010650862298,340403019827.76794,440,S3_twin_shock,indonesia,USDC
206,0.8119132216757057,331892944285.82806,440,S3_twin_shock,indonesia,USDC
207,0.8094429554069406,323595620642.9765,440,S3_twin_shock,indonesia,USDC
208,0.7988846889221491,315505730095.7015,440,S3_twin_shock,indonesia,USDC
209,0.7766602074015607,307618086815.47253,440,S3_twin_shock,indonesia,USDC
210,0.7681084236470668,299927634618.5358,440,S3_twin_shock,indonesia,USDC
211,0.7562924057633019,292429443730.8741,440,S3_twin_shock,indonesia,USDC
212,0.7691595233075592,285118707620.05634,440,S3_twin_shock,indonesia,USDC
213,0.7782216785455217,277990739915.96344,440,S3_twin_shock,indonesia,USDC
214,0.7945692685702685,271040971408.1325,440,S3_twin_shock,indonesia,USDC
215,0.7920985368758765,264264947115.54202,440,S3_twin_shock,indonesia,USDC
216,0.8104475117323924,257658323431.30872,440,S3_twin_shock,indonesia,USDC
217,0.8301014082862153,251216865340.9381,440,S3_twin_shock,indonesia,USDC
218,0.7814410352901413,244936443704.01904,440,S3_twin_shock,indonesia,USDC
219,0.6773286509349725,238813032607.20605,440,S3_twin_shock,indonesia,USDC
220,0.7195232137724665,232842706786.8529,440,S3_twin_shock,indonesia,USDC
221,0.7333959349784924,227021639114.187,440,S3_twin_shock,indonesia,USDC
222,0.6905720774116663,221346098134.19397,440,S3_twin_shock,indonesia,USDC
223,0.7050075751696003,215812445678.77893,440,S3_twin_shock,indonesia,USDC
224,0.6359071517761814,210417134535.44385,440,S3_twin_shock,indonesia,USDC
225,0.656988608170727,205156706170.77444,440,S3_twin_shock,indonesia,USDC
226,0.6703424550887426,200027788515.76007,440,S3_twin_shock,indonesia,USDC
227,0.6954196901148427,195027093802.37048,440,S3_twin_shock,indonesia,USDC
228,0.7123210948813966,190151416456.98358,440,S3_twin_shock,indonesia,USDC
229,0.718693065339812,185397631045.3267,440,S3_twin_shock,indonesia,USDC
230,0.7286598449710228,180762690269.0272,440,S3_twin_shock,indonesia,USDC
231,0.7077814204503959,176243623012.1853,440,S3_twin_shock,indonesia,USDC
232,0.7007850546670562,171837532436.78888,440,S3_twin_shock,indonesia,USDC
233,0.7189353699078904,167541594125.7976,440,S3_twin_shock,indonesia,USDC
234,0.7323622180754514,163353054272.60474,440,S3_twin_shock,indonesia,USDC
235,0.720952476571855,159269227915.7533,440,S3_twin_shock,indonesia,USDC
236,0.7318460615883772,155287497217.83124,440,S3_twin_shock,indonesia,USDC
237,0.7249216399217867,151405309787.3649,440,S3_twin_shock,indonesia,USDC
238,0.754292218104779,147620177042.6648,440,S3_twin_shock,indonesia,USDC
239,0.751450065592679,143929672616.5883,440,S3_twin_shock,indonesia,USDC
240,0.78545569569749,140331430801.1655,440,S3_twin_shock,indonesia,USDC
241,0.7680868696527237,136823145031.1311,440,S3_twin_shock,indonesia,USDC
242,0.7706516157079012,133402566405.34784,440,S3_twin_shock,indonesia,USDC
243,0.790387085990432,130067502245.21039,440,S3_twin_shock,indonesia,USDC
244,0.8009267541245075,126815814689.07735,440,S3_twin_shock,indonesia,USDC
245,0.7632075689987782,123645419321.84837,440,S3_twin_shock,indonesia,USDC
246,0.752992236812363,120554283838.80006,440,S3_twin_shock,indonesia,USDC
247,0.7861819958286906,117540426742.82822,440,S3_twin_shock,indonesia,USDC
248,0.7923619911307912,114601916074.25632,440,S3_twin_shock,indonesia,USDC
249,0.7777158809775073,111736868172.39896,440,S3_twin_shock,indonesia,USDC
250,0.8033190218886621,108943446468.08812,440,S3_twin_shock,indonesia,USDC
251,0.8203311225280828,106219860306.38535,440,S3_twin_shock,indonesia,USDC
252,0.822879403252132,103564363798.72527,440,S3_twin_shock,indonesia,USDC
253,0.8237996430085103,100975254703.75676,440,S3_twin_shock,indonesia,USDC
254,0.831769370276746,98450873336.16255,440,S3_twin_shock,indonesia,USDC
255,0.8292762053952228,95989601502.75822,440,S3_twin_shock,indonesia,USDC
256,0.8118677409767956,93589861465.18906,440,S3_twin_shock,indonesia,USDC
257,0.8187887808248325,91250114928.55913,440,S3_twin_shock,indonesia,USDC
258,0.8159249468304107,88968862055.34499,440,S3_twin_shock,indonesia,USDC
259,0.7973710509109423,86744640503.96121,440,S3_twin_shock,indonesia,USDC
260,0.8155541348106056,84576024491.36205,440,S3_twin_shock,indonesia,USDC
261,0.8277215155042167,82461623879.0779,440,S3_twin_shock,indonesia,USDC
262,0.829227542779633,80400083282.10086,440,S3_twin_shock,indonesia,USDC
263,0.8229514114645728,78390081200.04828,440,S3_twin_shock,indonesia,USDC
264,0.824143559842519,76430329170.047,440,S3_twin_shock,indonesia,USDC
265,0.7859016557896766,74519570940.79578,440,S3_twin_shock,indonesia,USDC
266,0.7723924190943077,72656581667.27582,440,S3_twin_shock,indonesia,USDC
267,0.7598866098061481,70840167125.59387,440,S3_twin_shock,indonesia,USDC
268,0.7369623800770484,69069162947.45398,440,S3_twin_shock,indonesia,USDC
269,0.74045371837098,67342433873.76759,440,S3_twin_shock,indonesia,USDC
270,0.7531588258217204,65658873026.92338,440,S3_twin_shock,indonesia,USDC
271,0.7803910483604879,64017401201.250275,440,S3_twin_shock,indonesia,USDC
272,0.7814567330818647,62416966171.21901,440,S3_twin_shock,indonesia,USDC
273,0.7642781220855911,60856542016.938515,440,S3_twin_shock,indonesia,USDC
274,0.7882097938341476,59335128466.515045,440,S3_twin_shock,indonesia,USDC
275,0.7609433492566742,57851750254.85216,440,S3_twin_shock,indonesia,USDC
276,0.7144901623586288,56405456498.48084,440,S3_twin_shock,indonesia,USDC
277,0.7055734229763886,54995320086.018814,440,S3_twin_shock,indonesia,USDC
278,0.7032770700473354,53620437083.86834,440,S3_twin_shock,indonesia,USDC
279,0.697238754224766,52279926156.77164,440,S3_twin_shock,indonesia,USDC
280,0.7115028285013358,50972928002.85234,440,S3_twin_shock,indonesia,USDC
281,0.7124358266432973,49698604802.78104,440,S3_twin_shock,indonesia,USDC
282,0.7616917722407884,48456139682.71151,440,S3_twin_shock,indonesia,USDC
283,0.7589202200768056,47244736190.64372,440,S3_twin_shock,indonesia,USDC
284,0.7576757827948862,46063617785.877625,440,S3_twin_shock,indonesia,USDC
285,0.7794815892439035,44912027341.23068,440,S3_twin_shock,indonesia,USDC
286,0.815387870950547,43789226657.69992,440,S3_twin_shock,indonesia,USDC
287,0.8264246125391502,42694495991.257416,440,S3_twin_shock,indonesia,USDC
288,0.8032718107195405,41627133591.47598,440,S3_twin_shock,indonesia,USDC
289,0.8123689540054277,40586455251.68909,440,S3_twin_shock,indonesia,USDC
290,0.8276856620257322,39571793870.39685,440,S3_twin_shock,indonesia,USDC
291,0.8383852193057971,38582499023.63694,440,S3_twin_shock,indonesia,USDC
292,0.844435188149265,37617936548.04601,440,S3_twin_shock,indonesia,USDC
293,0.8377176044240979,36677488134.344864,440,S3_twin_shock,indonesia,USDC
294,0.827595744454622,35760550930.986244,440,S3_twin_shock,indonesia,USDC
295,0.822809845711585,34866537157.711586,440,S3_twin_shock,indonesia,USDC
296,0.8220459256356766,33994873728.7688,440,S3_twin_shock,indonesia,USDC
297,0.8308522135460171,33145001885.549576,440,S3_twin_shock,indonesia,USDC
298,0.8112853491706714,32316376838.410835,440,S3_twin_shock,indonesia,USDC
299,0.8312862369862982,31508467417.450565,440,S3_twin_shock,indonesia,USDC
300,0.8246151760708949,30720755732.0143,440,S3_twin_shock,indonesia,USDC
301,0.8274399696148071,29952736838.713943,440,S3_twin_shock,indonesia,USDC
302,0.8311725708724929,29203918417.746094,440,S3_twin_shock,indonesia,USDC
303,0.8146928931995147,28473820457.30244,440,S3_twin_shock,indonesia,USDC
304,0.8347199154449635,27761974945.86988,440,S3_twin_shock,indonesia,USDC
305,0.8117198664557923,27067925572.22313,440,S3_twin_shock,indonesia,USDC
306,0.8124597872309656,26391227432.917557,440,S3_twin_shock,indonesia,USDC
307,0.8022290972942169,25731446747.094616,440,S3_twin_shock,indonesia,USDC
308,0.8220724026859072,25088160578.41725,440,S3_twin_shock,indonesia,USDC
309,0.8138569814239022,24460956563.956818,440,S3_twin_shock,indonesia,USDC
310,0.8204068546251064,23849432649.857895,440,S3_twin_shock,indonesia,USDC
311,0.8030558323382959,23253196833.61145,440,S3_twin_shock,indonesia,USDC
312,0.8033694958085652,22671866912.771164,440,S3_twin_shock,indonesia,USDC
313,0.8035343213013749,22105070239.951885,440,S3_twin_shock,indonesia,USDC
314,0.7827130864962465,21552443483.953087,440,S3_twin_shock,indonesia,USDC
315,0.8015678460740883,21013632396.854263,440,S3_twin_shock,indonesia,USDC
316,0.8019195742997648,20488291586.932903,440,S3_twin_shock,indonesia,USDC
317,0.8022031373915026,19976084297.259583,440,S3_twin_shock,indonesia,USDC
318,0.8137554542827591,19476682189.82809,440,S3_twin_shock,indonesia,USDC
319,0.8030339354417191,18989765135.08239,440,S3_twin_shock,indonesia,USDC
320,0.7697949643893687,18515021006.70533,440,S3_twin_shock,indonesia,USDC
321,0.7441131462723654,18052145481.537697,440,S3_twin_shock,indonesia,USDC
322,0.7414368076596886,17600841844.499256,440,S3_twin_shock,indonesia,USDC
323,0.7359466448486894,17160820798.386772,440,S3_twin_shock,indonesia,USDC
324,0.7569274347012533,16731800278.427105,440,S3_twin_shock,indonesia,USDC
325,0.7718515094943897,16313505271.466427,440,S3_twin_shock,indonesia,USDC
326,0.7753309094069264,15905667639.679766,440,S3_twin_shock,indonesia,USDC
327,0.7765839108957109,15508025948.687775,440,S3_twin_shock,indonesia,USDC
328,0.7825654424132296,15120325299.970577,440,S3_twin_shock,indonesia,USDC
329,0.7800968638024856,14742317167.471315,440,S3_twin_shock,indonesia,USDC
330,0.8108854270584452,14373759238.28453,440,S3_twin_shock,indonesia,USDC
331,0.7989558101009548,14014415257.32742,440,S3_twin_shock,indonesia,USDC
332,0.821080920453906,13664054875.894234,440,S3_twin_shock,indonesia,USDC
333,0.6968040796037306,13322453503.996876,440,S3_twin_shock,indonesia,USDC
334,0.72285508908498,12989392166.396955,440,S3_twin_shock,indonesia,USDC
335,0.7136997814811623,12664657362.23703,440,S3_twin_shock,indonesia,USDC
336,0.712601820128636,12348040928.181107,440,S3_twin_shock,indonesia,USDC
337,0.7343057179839196,12039339904.976578,440,S3_twin_shock,indonesia,USDC
338,0.7463540658889194,11738356407.352163,440,S3_twin_shock,indonesia,USDC
339,0.7707443748682167,11444897497.168358,440,S3_twin_shock,indonesia,USDC
340,0.7812191105750108,11158775059.739151,440,S3_twin_shock,indonesia,USDC
341,0.7649690818359345,10879805683.24567,440,S3_twin_shock,indonesia,USDC
342,0.743542839373856,10607810541.164528,440,S3_twin_shock,indonesia,USDC
343,0.7549664100358269,10342615277.635416,440,S3_twin_shock,indonesia,USDC
344,0.7543463996296688,10084049895.69453,440,S3_twin_shock,indonesia,USDC
345,0.7625956316905681,9831948648.302168,440,S3_twin_shock,indonesia,USDC
346,0.7897327999500805,9586149932.094612,440,S3_twin_shock,indonesia,USDC
347,0.8221878614918552,9346496183.792248,440,S3_twin_shock,indonesia,USDC
348,0.79635685245438,9112833779.197443,440,S3_twin_shock,indonesia,USDC
349,0.8110472547170042,8885012934.717506,440,S3_twin_shock,indonesia,USDC
350,0.7956818430894008,8662887611.349567,440,S3_twin_shock,indonesia,USDC
351,0.7989800304390735,8446315421.065828,440,S3_twin_shock,indonesia,USDC
352,0.795712673846085,8235157535.539183,440,S3_twin_shock,indonesia,USDC
353,0.7792733396357399,8029278597.150703,440,S3_twin_shock,indonesia,USDC
354,0.7800016664396909,7828546632.221937,440,S3_twin_shock,indonesia,USDC
355,0.7862287584695288,7632832966.416388,440,S3_twin_shock,indonesia,USDC
356,0.7610414071444492,7442012142.25598,440,S3_twin_shock,indonesia,USDC
357,0.7807011851351358,7255961838.699579,440,S3_twin_shock,indonesia,USDC
358,0.7976937356246826,7074562792.73209,440,S3_twin_shock,indonesia,USDC
359,0.8138246525634805,6897698722.913788,440,S3_twin_shock,indonesia,USDC
360,0.8096769190727818,6725256254.840942,440,S3_twin_shock,indonesia,USDC
361,0.8190800522835961,6557124848.469919,440,S3_twin_shock,indonesia,USDC
362,0.8144559061411204,6393196727.258171,440,S3_twin_shock,indonesia,USDC
363,0.7881231680773502,6233366809.076716,440,S3_twin_shock,indonesia,USDC
364,0.7863424925079688,6077532638.849798,440,S3_twin_shock,indonesia,USDC
365,0.8044785672504318,5925594322.878553,440,S3_twin_shock,indonesia,USDC
366,0.7886641198634303,5777454464.806589,440,S3_twin_shock,indonesia,USDC
367,0.772758554051368,5633018103.186425,440,S3_twin_shock,indonesia,USDC
368,0.7773240401345264,5492192650.606764,440,S3_twin_shock,indonesia,USDC
369,0.7772191801914421,5354887834.341596,440,S3_twin_shock,indonesia,USDC
370,0.7722296890604557,5221015638.483055,440,S3_twin_shock,indonesia,USDC
371,0.7564314396540531,5090490247.520979,440,S3_twin_shock,indonesia,USDC
372,0.7475411142814631,4963227991.332954,440,S3_twin_shock,indonesia,USDC
373,0.7620400872254618,4839147291.54963,440,S3_twin_shock,indonesia,USDC
374,0.7546099196968528,4718168609.260889,440,S3_twin_shock,indonesia,USDC
375,0.7571156094998989,4600214394.0293665,440,S3_twin_shock,indonesia,USDC
376,0.748237623793207,4485209034.178633,440,S3_twin_shock,indonesia,USDC
377,0.7686507508308532,4373078808.324167,440,S3_twin_shock,indonesia,USDC
378,0.8123005307810862,4263751838.116063,440,S3_twin_shock,indonesia,USDC
379,0.8173286317684987,4157158042.1631613,440,S3_twin_shock,indonesia,USDC
380,0.8341194505888161,4053229091.1090827,440,S3_twin_shock,indonesia,USDC
381,0.8422560790854247,3951898363.831356,440,S3_twin_shock,indonesia,USDC
382,0.824392849628117,3853100904.735572,440,S3_twin_shock,indonesia,USDC
383,0.8455918234248225,3756773382.1171827,440,S3_twin_shock,indonesia,USDC
384,0.8229267881719987,3662854047.5642533,440,S3_twin_shock,indonesia,USDC
385,0.8168912408713271,3571282696.375147,440,S3_twin_shock,indonesia,USDC
386,0.8217444112143241,3482000628.965768,440,S3_twin_shock,indonesia,USDC
387,0.7822254964545776,3394950613.241624,440,S3_twin_shock,indonesia,USDC
388,0.7781836573607913,3310076847.9105835,440,S3_twin_shock,indonesia,USDC
389,0.8184355879024164,3227324926.7128186,440,S3_twin_shock,indonesia,USDC
390,0.8208770961485765,3146641803.544998,440,S3_twin_shock,indonesia,USDC
391,0.8341897866530424,3067975758.456373,440,S3_twin_shock,indonesia,USDC
392,0.8450748020310913,2991276364.4949636,440,S3_twin_shock,indonesia,USDC
393,0.8515592226519331,2916494455.38259,440,S3_twin_shock,indonesia,USDC
394,0.8457188118356272,2843582093.998025,440,S3_twin_shock,indonesia,USDC
395,0.8413608947409401,2772492541.648074,440,S3_twin_shock,indonesia,USDC
396,0.8231298847651882,2703180228.1068726,440,S3_twin_shock,indonesia,USDC
397,0.8517528806555519,2635600722.4042006,440,S3_twin_shock,indonesia,USDC
398,0.832145041203259,2569710704.3440957,440,S3_twin_shock,indonesia,USDC
399,0.851134587638173,2505467936.735493,440,S3_twin_shock,indonesia,USDC
400,0.8470699188375928,2442831238.3171062,440,S3_twin_shock,indonesia,USDC
401,0.8441715553395505,2381760457.3591785,440,S3_twin_shock,indonesia,USDC
402,0.8531770545216096,2322216445.925199,440,S3_twin_shock,indonesia,USDC
403,0.8588636481630116,2264161034.777069,440,S3_twin_shock,indonesia,USDC
404,0.852653627902246,2207557008.9076424,440,S3_twin_shock,indonesia,USDC
405,0.8376060840321725,2152368083.6849513,440,S3_twin_shock,indonesia,USDC
406,0.8257435569450898,2098558881.5928278,440,S3_twin_shock,indonesia,USDC
407,0.8289508879907103,2046094909.5530071,440,S3_twin_shock,indonesia,USDC
408,0.8486843206982191,1994942536.8141818,440,S3_twin_shock,indonesia,USDC
409,0.8429851398802497,1945068973.3938272,440,S3_twin_shock,indonesia,USDC
410,0.8409658760491329,1896442249.0589814,440,S3_twin_shock,indonesia,USDC
411,0.8298368779656149,1849031192.8325067,440,S3_twin_shock,indonesia,USDC
412,0.8115299588670452,1802805413.011694,440,S3_twin_shock,indonesia,USDC
413,0.8017178273474218,1757735277.6864018,440,S3_twin_shock,indonesia,USDC
414,0.7760111033881177,1713791895.7442417,440,S3_twin_shock,indonesia,USDC
415,0.7763093184241013,1670947098.3506355,440,S3_twin_shock,indonesia,USDC
416,0.794175618376722,1629173420.89187,440,S3_twin_shock,indonesia,USDC
417,0.8104707952794602,1588444085.369573,440,S3_twin_shock,indonesia,USDC
418,0.8076914184076915,1548732983.235334,440,S3_twin_shock,indonesia,USDC
419,0.7987176816599295,1510014658.6544504,440,S3_twin_shock,indonesia,USDC
420,0.8195379694805358,1472264292.1880891,440,S3_twin_shock,indonesia,USDC
421,0.827777375465766,1435457684.8833869,440,S3_twin_shock,indonesia,USDC
422,0.8231948601108795,1399571242.7613022,440,S3_twin_shock,indonesia,USDC
423,0.8166362969084752,1364581961.6922696,440,S3_twin_shock,indonesia,USDC
424,0.8347371259607645,1330467412.649963,440,S3_twin_shock,indonesia,USDC
425,0.830197065386554,1297205727.3337138,440,S3_twin_shock,indonesia,USDC
426,0.8377011532962012,1264775584.1503708,440,S3_twin_shock,indonesia,USDC
427,0.8258950021970041,1233156194.5466115,440,S3_twin_shock,indonesia,USDC
428,0.8168664505922333,1202327289.6829462,440,S3_twin_shock,indonesia,USDC
429,0.8730177018541537,1172269107.4408727,440,S3_twin_shock,indonesia,USDC
430,0.8799299970350146,1142962379.7548506,440,S3_twin_shock,indonesia,USDC
431,0.8510489347616834,1114388320.2609794,440,S3_twin_shock,indonesia,USDC
432,0.8627898957624599,1086528612.254455,440,S3_twin_shock,indonesia,USDC
433,0.8379661208105099,1059365396.9480935,440,S3_twin_shock,indonesia,USDC
434,0.8368030755145678,1032881262.0243912,440,S3_twin_shock,indonesia,USDC
435,0.8564673105718078,1007059230.4737813,440,S3_twin_shock,indonesia,USDC
436,0.8611048539002277,981882749.711937,440,S3_twin_shock,indonesia,USDC
437,0.850530308979903,957335680.9691384,440,S3_twin_shock,indonesia,USDC
438,0.8739459195740419,933402288.94491,440,S3_twin_shock,indonesia,USDC
439,0.825512902413499,910067231.7212873,440,S3_twin_shock,indonesia,USDC
440,0.813533197027324,887315550.9282551,440,S3_twin_shock,indonesia,USDC
441,0.8261162127663583,865132662.1550487,440,S3_twin_shock,indonesia,USDC
442,0.8293086596268239,843504345.6011724,440,S3_twin_shock,indonesia,USDC
443,0.8050408125741835,822416736.9611433,440,S3_twin_shock,indonesia,USDC
444,0.8168863250335969,801856318.5371146,440,S3_twin_shock,indonesia,USDC
445,0.8217597958677527,781809910.5736868,440,S3_twin_shock,indonesia,USDC
446,0.8504000572268946,762264662.8093445,440,S3_twin_shock,indonesia,USDC
447,0.8507052906531025,743208046.239111,440,S3_twin_shock,indonesia,USDC
448,0.8462734203331691,724627845.0831332,440,S3_twin_shock,indonesia,USDC
449,0.8254722275039398,706512148.9560549,440,S3_twin_shock,indonesia,USDC
450,0.8300359775238706,688849345.2321534,440,S3_twin_shock,indonesia,USDC
451,0.8179951479770763,671628111.6013497,440,S3_twin_shock,indonesia,USDC
452,0.8208055165418193,654837408.8113159,440,S3_twin_shock,indonesia,USDC
453,0.821619078622061,638466473.591033,440,S3_twin_shock,indonesia,USDC
454,0.8030171118152474,622504811.7512572,440,S3_twin_shock,indonesia,USDC
455,0.7934691856027621,606942191.4574758,440,S3_twin_shock,indonesia,USDC
456,0.7860279031358661,591768636.6710389,440,S3_twin_shock,indonesia,USDC
457,0.7936369680180038,576974420.7542629,440,S3_twin_shock,indonesia,USDC
458,0.8023778248508016,562550060.2354064,440,S3_twin_shock,indonesia,USDC
459,0.7877929372823562,548486308.7295212,440,S3_twin_shock,indonesia,USDC
460,0.792798970911839,534774151.01128316,440,S3_twin_shock,indonesia,USDC
461,0.7865527617209466,521404797.2360011,440,S3_twin_shock,indonesia,USDC
462,0.7971021740027883,508369677.30510104,440,S3_twin_shock,indonesia,USDC
463,0.7996683652658262,495660435.3724735,440,S3_twin_shock,indonesia,USDC
464,0.7978467307491703,483268924.4881617,440,S3_twin_shock,indonesia,USDC
465,0.8016753003718592,471187201.3759576,440,S3_twin_shock,indonesia,USDC
466,0.8055124302850338,459407521.3415587,440,S3_twin_shock,indonesia,USDC
467,0.828679167245083,447922333.30801976,440,S3_twin_shock,indonesia,USDC
468,0.7882422481345223,436724274.97531927,440,S3_twin_shock,indonesia,USDC
469,0.7487221144778506,425806168.1009363,440,S3_twin_shock,indonesia,USDC
470,0.7721988041397472,415161013.8984129,440,S3_twin_shock,indonesia,USDC
471,0.7409611629671802,404781988.55095255,440,S3_twin_shock,indonesia,USDC
472,0.7195547323221777,394662438.8371787,440,S3_twin_shock,indonesia,USDC
473,0.7288348316181927,384795877.8662492,440,S3_twin_shock,indonesia,USDC
474,0.7179949729622154,375175980.919593,440,S3_twin_shock,indonesia,USDC
475,0.731478917089209,365796581.39660317,440,S3_twin_shock,indonesia,USDC
476,0.7474978303075321,356651666.8616881,440,S3_twin_shock,indonesia,USDC
477,0.7469498192490038,347735375.1901459,440,S3_twin_shock,indonesia,USDC
478,0.7599754994818058,339041990.81039226,440,S3_twin_shock,indonesia,USDC
479,0.7804930759206128,330565941.04013246,440,S3_twin_shock,indonesia,USDC
480,0.7779322126983635,322301792.51412916,440,S3_twin_shock,indonesia,USDC
481,0.7841738759206982,314244247.70127594,440,S3_twin_shock,indonesia,USDC
482,0.8014579387249963,306388141.508744,440,S3_twin_shock,indonesia,USDC
483,0.8098140621244295,298728437.9710254,440,S3_twin_shock,indonesia,USDC
484,0.8320958728245348,291260227.0217498,440,S3_twin_shock,indonesia,USDC
485,0.7961822834581721,283978721.34620607,440,S3_twin_shock,indonesia,USDC
486,0.7959959089212518,276879253.3125509,440,S3_twin_shock,indonesia,USDC
487,0.8025642984595416,269957271.97973716,440,S3_twin_shock,indonesia,USDC
488,0.7816536065893963,263208340.18024367,440,S3_twin_shock,indonesia,USDC
489,0.7763732387900699,256628131.6757376,440,S3_twin_shock,indonesia,USDC
490,0.7872531746597937,250212428.38384414,440,S3_twin_shock,indonesia,USDC
491,0.8078046887261723,243957117.67424804,440,S3_twin_shock,indonesia,USDC
492,0.8000330146047141,237858189.73239183,440,S3_twin_shock,indonesia,USDC
493,0.7915370519579463,231911734.98908204,440,S3_twin_shock,indonesia,USDC
494,0.7937083195207731,226113941.614355,440,S3_twin_shock,indonesia,USDC
495,0.7842677467080386,220461093.07399613,440,S3_twin_shock,indonesia,USDC
496,0.7851070644196528,214949565.7471462,440,S3_twin_shock,indonesia,USDC
497,0.7778188122821243,209575826.60346752,440,S3_twin_shock,indonesia,USDC
498,0.7863168585095545,204336430.93838087,440,S3_twin_shock,indonesia,USDC
499,0.7942289344562847,199228020.16492134,440,S3_twin_shock,indonesia,USDC
500,0.8254059863206231,194247319.6607983,440,S3_twin_shock,indonesia,USDC
501,0.8022180934954007,189391136.66927835,440,S3_twin_shock,indonesia,USDC
502,0.8095643349249687,184656358.2525464,440,S3_twin_shock,indonesia,USDC
503,0.8078091812118653,180039949.29623273,440,S3_twin_shock,indonesia,USDC
504,0.7902612960556512,175538950.56382692,440,S3_twin_shock,indonesia,USDC
505,0.7947500967931664,171150476.79973125,440,S3_twin_shock,indonesia,USDC
506,0.8148196197046608,166871714.87973797,440,S3_twin_shock,indonesia,USDC
507,0.7911513020480504,162699922.00774452,440,S3_twin_shock,indonesia,USDC
508,0.7934419307671243,158632423.9575509,440,S3_twin_shock,indonesia,USDC
509,0.8092919877480094,154666613.35861215,440,S3_twin_shock,indonesia,USDC
510,0.6881238000754839,150799948.02464682,440,S3_twin_shock,indonesia,USDC
511,0.67685942135872,147029949.32403067,440,S3_twin_shock,indonesia,USDC
512,0.7038818480256543,143354200.5909299,440,S3_twin_shock,indonesia,USDC
513,0.70023357827092,139770345.57615665,440,S3_twin_shock,indonesia,USDC
514,0.7143989406707612,136276086.93675274,440,S3_twin_shock,indonesia,USDC
515,0.7051788700508537,132869184.76333392,440,S3_twin_shock,indonesia,USDC
516,0.6851429292163306,129547455.14425056,440,S3_twin_shock,indonesia,USDC
517,0.6935477340360453,126308768.76564431,440,S3_twin_shock,indonesia,USDC
518,0.7006193630260363,123151049.5465032,440,S3_twin_shock,indonesia,USDC
519,0.7127615969332021,120072273.30784062,440,S3_twin_shock,indonesia,USDC
520,0.7211044200156038,117070466.4751446,440,S3_twin_shock,indonesia,USDC
521,0.7078270934207934,114143704.81326598,440,S3_twin_shock,indonesia,USDC
522,0.7323048295195153,111290112.19293433,440,S3_twin_shock,indonesia,USDC
523,0.7451369861776272,108507859.38811097,440,S3_twin_shock,indonesia,USDC
524,0.7537091746251244,105795162.90340817,440,S3_twin_shock,indonesia,USDC
525,0.7687147039862657,103150283.83082297,440,S3_twin_shock,indonesia,USDC
526,0.7866129230059181,100571526.7350524,440,S3_twin_shock,indonesia,USDC
527,0.7939022052510516,98057238.56667611,440,S3_twin_shock,indonesia,USDC
528,0.7869987791402834,95605807.60250919,440,S3_twin_shock,indonesia,USDC
529,0.7852960203871997,93215662.41244647,440,S3_twin_shock,indonesia,USDC
530,0.7905777355635755,90885270.8521353,440,S3_twin_shock,indonesia,USDC
531,0.7996495950642367,88613139.08083192,440,S3_twin_shock,indonesia,USDC
532,0.8008534636223623,86397810.60381112,440,S3_twin_shock,indonesia,USDC
533,0.7894060650137842,84237865.33871584,440,S3_twin_shock,indonesia,USDC
534,0.774743352474534,82131918.70524794,440,S3_twin_shock,indonesia,USDC
535,0.7811842866040452,80078620.73761675,440,S3_twin_shock,indonesia,USDC
536,0.7904707406978101,78076655.21917632,440,S3_twin_shock,indonesia,USDC
537,0.7882885247936666,76124738.83869691,440,S3_twin_shock,indonesia,USDC
538,0.7772258674563474,74221620.36772949,440,S3_twin_shock,indonesia,USDC
539,0.7908782409365318,72366079.85853626,440,S3_twin_shock,indonesia,USDC
540,0.7879679613792939,70556927.86207286,440,S3_twin_shock,indonesia,USDC
541,0.7859725572344317,68793004.66552103,440,S3_twin_shock,indonesia,USDC
542,0.7815790347238404,67073179.548883,440,S3_twin_shock,indonesia,USDC
543,0.80816713766812,65396350.06016092,440,S3_twin_shock,indonesia,USDC
544,0.8120805742965591,63761441.3086569,440,S3_twin_shock,indonesia,USDC
545,0.7948697736845172,62167405.27594048,440,S3_twin_shock,indonesia,USDC
546,0.7999223024572361,60613220.144041955,440,S3_twin_shock,indonesia,USDC
547,0.80341547124073,59097889.64044091,440,S3_twin_shock,indonesia,USDC
548,0.8371371640500219,57620442.39942989,440,S3_twin_shock,indonesia,USDC
549,0.8511641108176241,56179931.33944414,440,S3_twin_shock,indonesia,USDC
550,0.8375400593053733,54775433.05595803,440,S3_twin_shock,indonesia,USDC
551,0.8268227718022645,53406047.22955908,440,S3_twin_shock,indonesia,USDC
552,0.8013006230700499,52070896.04882011,440,S3_twin_shock,indonesia,USDC
553,0.7898873264150511,50769123.64759961,440,S3_twin_shock,indonesia,USDC
554,0.7614178064851753,49499895.55640961,440,S3_twin_shock,indonesia,USDC
555,0.7579868476102485,48262398.16749937,440,S3_twin_shock,indonesia,USDC
556,0.7502273279708997,47055838.21331189,440,S3_twin_shock,indonesia,USDC
557,0.7558506017601198,45879442.25797909,440,S3_twin_shock,indonesia,USDC
558,0.7604431687804853,44732456.201529615,440,S3_twin_shock,indonesia,USDC
559,0.7750676617740883,43614144.79649137,440,S3_twin_shock,indonesia,USDC
560,0.7968091588232638,42523791.17657909,440,S3_twin_shock,indonesia,USDC
561,0.7991461204481158,41460696.397164606,440,S3_twin_shock,indonesia,USDC
562,0.7813892560405045,40424178.987235494,440,S3_twin_shock,indonesia,USDC
563,0.7652734374872471,39413574.5125546,440,S3_twin_shock,indonesia,USDC
564,0.7673094577467907,38428235.14974074,440,S3_twin_shock,indonesia,USDC
565,0.7777293232144207,37467529.27099722,440,S3_twin_shock,indonesia,USDC
566,0.7879628127852151,36530841.03922229,440,S3_twin_shock,indonesia,USDC
567,0.8164962066576239,35617570.01324173,440,S3_twin_shock,indonesia,USDC
568,0.7849983105219464,34727130.76291069,440,S3_twin_shock,indonesia,USDC
569,0.7928524855411253,33858952.49383792,440,S3_twin_shock,indonesia,USDC
570,0.777861847451509,33012478.68149198,440,S3_twin_shock,indonesia,USDC
571,0.7804187164607524,32187166.714454673,440,S3_twin_shock,indonesia,USDC
572,0.7706435304602199,31382487.54659331,440,S3_twin_shock,indonesia,USDC
573,0.7684146313000454,30597925.357928477,440,S3_twin_shock,indonesia,USDC
574,0.7660052743639977,29832977.223980263,440,S3_twin_shock,indonesia,USDC
575,0.7709182210264609,29087152.79338076,440,S3_twin_shock,indonesia,USDC
576,0.7855772024054928,28359973.973546237,440,S3_twin_shock,indonesia,USDC
577,0.778596481720134,27650974.624207582,440,S3_twin_shock,indonesia,USDC
578,0.7857132667866833,26959700.258602396,440,S3_twin_shock,indonesia,USDC
579,0.7661628637025556,26285707.752137333,440,S3_twin_shock,indonesia,USDC
580,0.7438640058817124,25628565.0583339,440,S3_twin_shock,indonesia,USDC
581,0.7492777636886405,24987850.931875557,440,S3_twin_shock,indonesia,USDC
582,0.7412380870050006,24363154.658578664,440,S3_twin_shock,indonesia,USDC
583,0.7285045492528892,23754075.7921142,440,S3_twin_shock,indonesia,USDC
584,0.717065000562188,23160223.897311345,440,S3_twin_shock,indonesia,USDC
585,0.6891294161384218,22581218.29987856,440,S3_twin_shock,indonesia,USDC
586,0.7127733590597217,22016687.842381597,440,S3_twin_shock,indonesia,USDC
587,0.7250017464709527,21466270.646322057,440,S3_twin_shock,indonesia,USDC
588,0.7367537407879513,20929613.880164005,440,S3_twin_shock,indonesia,USDC
589,0.7321906482137837,20406373.533159908,440,S3_twin_shock,indonesia,USDC
590,0.7643304926191201,19896214.19483091,440,S3_twin_shock,indonesia,USDC
591,0.7703685054905071,19398808.839960136,440,S3_twin_shock,indonesia,USDC
592,0.7816801694061556,18913838.618961133,440,S3_twin_shock,indonesia,USDC
593,0.8025747970295459,18440992.653487105,440,S3_twin_shock,indonesia,USDC
594,0.7704753213309158,17979967.837149926,440,S3_twin_shock,indonesia,USDC
595,0.7631419059810624,17530468.64122118,440,S3_twin_shock,indonesia,USDC
596,0.7627538246150692,17092206.92519065,440,S3_twin_shock,indonesia,USDC
597,0.7778047815293194,16664901.752060883,440,S3_twin_shock,indonesia,USDC
598,0.7773745403136221,16248279.20825936,440,S3_twin_shock,indonesia,USDC
599,0.7759287829532251,15842072.228052877,440,S3_twin_shock,indonesia,USDC
600,0.7718513087677725,15446020.422351558,440,S3_twin_shock,indonesia,USDC
601,0.777896610117889,15059869.911792766,440,S3_twin_shock,indonesia,USDC
602,0.7755187328780595,14683373.163997948,440,S3_twin_shock,indonesia,USDC
603,0.7734657964432753,14316288.834897999,440,S3_twin_shock,indonesia,USDC
604,0.787630368349786,13958381.614025552,440,S3_twin_shock,indonesia,USDC
605,0.8011394636814029,13609422.07367491,440,S3_twin_shock,indonesia,USDC
606,0.8203508108950088,13269186.52183304,440,S3_twin_shock,indonesia,USDC
607,0.8144608875978162,12937456.858787213,440,S3_twin_shock,indonesia,USDC
608,0.81597272922885,12614020.437317532,440,S3_twin_shock,indonesia,USDC
609,0.8442413075878478,12298669.926384594,440,S3_twin_shock,indonesia,USDC
610,0.8306462252627753,11991203.178224979,440,S3_twin_shock,indonesia,USDC
611,0.8368287950321799,11691423.098769356,440,S3_twin_shock,indonesia,USDC
612,0.8444347562269165,11399137.52130012,440,S3_twin_shock,indonesia,USDC
613,0.865200236324003,11114159.083267618,440,S3_twin_shock,indonesia,USDC
614,0.8576007257811027,10836305.106185928,440,S3_twin_shock,indonesia,USDC
615,0.882004490815743,10565397.47853128,440,S3_twin_shock,indonesia,USDC
616,0.8777654324234203,10301262.541567998,440,S3_twin_shock,indonesia,USDC
617,0.8504407337706702,10043730.978028797,440,S3_twin_shock,indonesia,USDC
618,0.8446586085844305,9792637.703578077,440,S3_twin_shock,indonesia,USDC
619,0.8425392674823304,9547821.760988625,440,S3_twin_shock,indonesia,USDC
620,0.8070955835347712,9309126.21696391,440,S3_twin_shock,indonesia,USDC
621,0.7841339289642931,9076398.061539812,440,S3_twin_shock,indonesia,USDC
622,0.7785517578276726,8849488.110001316,440,S3_twin_shock,indonesia,USDC
623,0.7711916144747684,8628250.907251284,440,S3_twin_shock,indonesia,USDC
624,0.7906337214451312,8412544.634570003,440,S3_twin_shock,indonesia,USDC
625,0.7799602057210754,8202231.018705752,440,S3_twin_shock,indonesia,USDC
626,0.7804120188348872,7997175.243238108,440,S3_twin_shock,indonesia,USDC
627,0.7854948537490613,7797245.862157156,440,S3_twin_shock,indonesia,USDC
628,0.7847129724898526,7602314.715603227,440,S3_twin_shock,indonesia,USDC
629,0.7743633589063806,7412256.847713146,440,S3_twin_shock,indonesia,USDC
630,0.7719598635846618,7226950.426520318,440,S3_twin_shock,indonesia,USDC
631,0.7669540239675673,7046276.6658573095,440,S3_twin_shock,indonesia,USDC
632,0.7683140027965458,6870119.749210876,440,S3_twin_shock,indonesia,USDC
633,0.7942079482131185,6698366.755480605,440,S3_twin_shock,indonesia,USDC
634,0.8260226509744114,6530907.586593589,440,S3_twin_shock,indonesia,USDC
635,0.7776961984109131,6367634.89692875,440,S3_twin_shock,indonesia,USDC
636,0.7725199396437006,6208444.0245055305,440,S3_twin_shock,indonesia,USDC
637,0.7782015351660782,6053232.923892892,440,S3_twin_shock,indonesia,USDC
638,0.7765658802609076,5901902.10079557,440,S3_twin_shock,indonesia,USDC
639,0.7723607636233987,5754354.548275681,440,S3_twin_shock,indonesia,USDC
640,0.7898996646402899,5610495.684568789,440,S3_twin_shock,indonesia,USDC
641,0.8169462666661272,5470233.292454569,440,S3_twin_shock,indonesia,USDC
642,0.809065518965875,5333477.460143205,440,S3_twin_shock,indonesia,USDC
643,0.8050450149521764,5200140.523639625,440,S3_twin_shock,indonesia,USDC
644,0.8029882649863378,5070137.0105486335,440,S3_twin_shock,indonesia,USDC
645,0.7979470656954265,4943383.585284918,440,S3_twin_shock,indonesia,USDC
646,0.7961991941356474,4819798.995652795,440,S3_twin_shock,indonesia,USDC
647,0.7920396919429744,4699304.020761475,440,S3_twin_shock,indonesia,USDC
648,0.8169712433590197,4581821.420242438,440,S3_twin_shock,indonesia,USDC
649,0.8007549326937355,4467275.884736378,440,S3_twin_shock,indonesia,USDC
650,0.8179804044643074,4355593.987617968,440,S3_twin_shock,indonesia,USDC
651,0.7971216580500636,4246704.137927518,440,S3_twin_shock,indonesia,USDC
652,0.7959511098945037,4140536.5344793303,440,S3_twin_shock,indonesia,USDC
653,0.7957304324034841,4037023.121117347,440,S3_twin_shock,indonesia,USDC
654,0.8027287562441056,3936097.5430894135,440,S3_twin_shock,indonesia,USDC
655,0.8024335798063328,3837695.1045121783,440,S3_twin_shock,indonesia,USDC
656,0.788140911048282,3741752.726899374,440,S3_twin_shock,indonesia,USDC
657,0.8039299283861109,3648208.9087268896,440,S3_twin_shock,indonesia,USDC
658,0.8198179146912458,3557003.686008717,440,S3_twin_shock,indonesia,USDC
659,0.7942677340673416,3468078.593858499,440,S3_twin_shock,indonesia,USDC
660,0.8127527952378375,3381376.629012037,440,S3_twin_shock,indonesia,USDC
661,0.8172920999219664,3296842.2132867356,440,S3_twin_shock,indonesia,USDC
662,0.8237990186901577,3214421.1579545676,440,S3_twin_shock,indonesia,USDC
663,0.8081781334152193,3134060.629005703,440,S3_twin_shock,indonesia,USDC
664,0.8003141502920772,3055709.113280561,440,S3_twin_shock,indonesia,USDC
665,0.7890929496962092,2979316.3854485466,440,S3_twin_shock,indonesia,USDC
666,0.7828257538827774,2904833.4758123327,440,S3_twin_shock,indonesia,USDC
667,0.7941094506440529,2832212.6389170247,440,S3_twin_shock,indonesia,USDC
668,0.7919775946510602,2761407.322944099,440,S3_twin_shock,indonesia,USDC
669,0.8112624869643019,2692372.1398704965,440,S3_twin_shock,indonesia,USDC
670,0.7940245582863135,2625062.8363737343,440,S3_twin_shock,indonesia,USDC
671,0.8023800440309504,2559436.2654643906,440,S3_twin_shock,indonesia,USDC
672,0.7955479998362125,2495450.358827781,440,S3_twin_shock,indonesia,USDC
673,0.790112027726229,2433064.0998570863,440,S3_twin_shock,indonesia,USDC
674,0.776215732258679,2372237.4973606598,440,S3_twin_shock,indonesia,USDC
675,0.7840559400610894,2312931.559926643,440,S3_twin_shock,indonesia,USDC
676,0.7223810212937768,2255108.270928477,440,S3_twin_shock,indonesia,USDC
677,0.7161906500995804,2198730.564155265,440,S3_twin_shock,indonesia,USDC
678,0.7565109348269147,2143762.3000513837,440,S3_twin_shock,indonesia,USDC
679,0.7823124257554259,2090168.2425500988,440,S3_twin_shock,indonesia,USDC
680,0.7928680985251001,2037914.0364863465,440,S3_twin_shock,indonesia,USDC
681,0.7560841458887846,1986966.185574188,440,S3_twin_shock,indonesia,USDC
682,0.740079628184361,1937292.0309348332,440,S3_twin_shock,indonesia,USDC
683,0.7503959946228892,1888859.7301614624,440,S3_twin_shock,indonesia,USDC
684,0.7690867798430222,1841638.2369074258,440,S3_twin_shock,indonesia,USDC
685,0.7501627135143025,1795597.2809847402,440,S3_twin_shock,indonesia,USDC
686,0.7448238059846206,1750707.3489601216,440,S3_twin_shock,indonesia,USDC
687,0.7606563651218888,1706939.6652361185,440,S3_twin_shock,indonesia,USDC
688,0.7611791438353276,1664266.1736052157,440,S3_twin_shock,indonesia,USDC
689,0.7449209138432301,1622659.5192650855,440,S3_twin_shock,indonesia,USDC
690,0.742499527282339,1582093.0312834582,440,S3_twin_shock,indonesia,USDC
691,0.7635075881855707,1542540.7055013718,440,S3_twin_shock,indonesia,USDC
692,0.7709533569739387,1503977.1878638375,440,S3_twin_shock,indonesia,USDC
693,0.7522461326545636,1466377.7581672415,440,S3_twin_shock,indonesia,USDC
694,0.770688135857362,1429718.3142130605,440,S3_twin_shock,indonesia,USDC
695,0.7750489138578134,1393975.356357734,440,S3_twin_shock,indonesia,USDC
696,0.7713988061530994,1359125.9724487904,440,S3_twin_shock,indonesia,USDC
697,0.770511430224136,1325147.8231375709,440,S3_twin_shock,indonesia,USDC
698,0.77260993075802,1292019.1275591315,440,S3_twin_shock,indonesia,USDC
699,0.7932341267092046,1259718.6493701532,440,S3_twin_shock,indonesia,USDC
700,0.7856629221322292,1228225.6831358995,440,S3_twin_shock,indonesia,USDC
701,0.7749809269631108,1197520.041057502,440,S3_twin_shock,indonesia,USDC
702,0.7855966691601896,1167582.0400310643,440,S3_twin_shock,indonesia,USDC
703,0.7815015062744741,1138392.4890302878,440,S3_twin_shock,indonesia,USDC
704,0.7984946214322471,1109932.6768045304,440,S3_twin_shock,indonesia,USDC
705,0.7902874862363533,1082184.3598844174,440,S3_twin_shock,indonesia,USDC
706,0.770926808425033,1055129.7508873069,440,S3_twin_shock,indonesia,USDC
707,0.7787034841887751,1028751.5071151243,440,S3_twin_shock,indonesia,USDC
708,0.7944324812478549,1003032.7194372462,440,S3_twin_shock,indonesia,USDC
709,0.8037237984015762,977956.901451315,440,S3_twin_shock,indonesia,USDC
710,0.8050067401550858,953507.9789150321,440,S3_twin_shock,indonesia,USDC
711,0.854662968771956,929670.2794421562,440,S3_twin_shock,indonesia,USDC
712,0.8562604870692165,906428.5224561023,440,S3_twin_shock,indonesia,USDC
713,0.8514665714860515,883767.8093946998,440,S3_twin_shock,indonesia,USDC
714,0.849797436724368,861673.6141598322,440,S3_twin_shock,indonesia,USDC
715,0.8148163644630156,840131.7738058364,440,S3_twin_shock,indonesia,USDC
716,0.7983574630102384,819128.4794606905,440,S3_twin_shock,indonesia,USDC
717,0.7955403623133617,798650.2674741732,440,S3_twin_shock,indonesia,USDC
718,0.7899136204299433,778684.0107873189,440,S3_twin_shock,indonesia,USDC
719,0.7796316666025926,759216.910517636,440,S3_twin_shock,indonesia,USDC
720,0.786057948869968,740236.4877546951,440,S3_twin_shock,indonesia,USDC
721,0.783311843208223,721730.5755608277,440,S3_twin_shock,indonesia,USDC
722,0.7927497276732923,703687.311171807,440,S3_twin_shock,indonesia,USDC
723,0.8008596148343639,686095.1283925117,440,S3_twin_shock,indonesia,USDC
724,0.8066372884094584,668942.750182699,440,S3_twin_shock,indonesia,USDC
725,0.7796642525645572,652219.1814281314,440,S3_twin_shock,indonesia,USDC
726,0.7949356006514796,635913.7018924282,440,S3_twin_shock,indonesia,USDC
727,0.7832307040993685,620015.8593451175,440,S3_twin_shock,indonesia,USDC
728,0.6801534154418314,604515.4628614895,440,S3_twin_shock,indonesia,USDC
729,0.7071395741475722,589402.5762899523,440,S3_twin_shock,indonesia,USDC
730,0.7278873812908101,574667.5118827035,440,S3_twin_shock,indonesia,USDC
731,0.7344207489853196,560300.8240856358,440,S3_twin_shock,indonesia,USDC
732,0.760136493589978,546293.303483495,440,S3_twin_shock,indonesia,USDC
733,0.7481177398870457,532635.9708964076,440,S3_twin_shock,indonesia,USDC
734,0.7746942662744956,519320.0716239974,440,S3_twin_shock,indonesia,USDC
735,0.773691456639374,506337.0698333974,440,S3_twin_shock,indonesia,USDC
736,0.7510696694101109,493678.6430875625,440,S3_twin_shock,indonesia,USDC
737,0.7453242201435823,481336.67701037345,440,S3_twin_shock,indonesia,USDC
738,0.7359044070329208,469303.26008511416,440,S3_twin_shock,indonesia,USDC
739,0.7535495742970016,457570.6785829863,440,S3_twin_shock,indonesia,USDC
740,0.76351405486096,446131.41161841166,440,S3_twin_shock,indonesia,USDC
741,0.7893398801187578,434978.12632795126,440,S3_twin_shock,indonesia,USDC
742,0.7821352856296877,424103.67316975247,440,S3_twin_shock,indonesia,USDC
743,0.7944480023776385,413501.08134050865,440,S3_twin_shock,indonesia,USDC
744,0.8202727781809184,403163.55430699594,440,S3_twin_shock,indonesia,USDC
745,0.8194626735205487,393084.4654493211,440,S3_twin_shock,indonesia,USDC
746,0.8066689111745756,383257.35381308803,440,S3_twin_shock,indonesia,USDC
747,0.8102188046738761,373675.9199677608,440,S3_twin_shock,indonesia,USDC
748,0.8139216697873488,364334.0219685668,440,S3_twin_shock,indonesia,USDC
749,0.7981110948820935,355225.67141935264,440,S3_twin_shock,indonesia,USDC
750,0.7817131903473338,346345.0296338688,440,S3_twin_shock,indonesia,USDC
751,0.780529739321407,337686.4038930221,440,S3_twin_shock,indonesia,USDC
752,0.8039157387298075,329244.24379569653,440,S3_twin_shock,indonesia,USDC
753,0.802646716868769,321013.13770080416,440,S3_twin_shock,indonesia,USDC
754,0.7988003509147186,312987.80925828405,440,S3_twin_shock,indonesia,USDC
755,0.7818543013490262,305163.1140268269,440,S3_twin_shock,indonesia,USDC
756,0.767257382515615,297534.03617615625,440,S3_twin_shock,indonesia,USDC
757,0.7527441977938651,290095.68527175236,440,S3_twin_shock,indonesia,USDC
758,0.7651704585949769,282843.2931399585,440,S3_twin_shock,indonesia,USDC
759,0.7972740933456064,275772.2108114596,440,S3_twin_shock,indonesia,USDC
760,0.8126758055744111,268877.90554117307,440,S3_twin_shock,indonesia,USDC
761,0.8032812063594698,262155.9579026438,440,S3_twin_shock,indonesia,USDC
762,0.8000050574619787,255602.05895507766,440,S3_twin_shock,indonesia,USDC
763,0.7948234456884525,249212.0074812007,440,S3_twin_shock,indonesia,USDC
764,0.8124415714615065,242981.70729417072,440,S3_twin_shock,indonesia,USDC
765,0.7726488304254923,236907.1646118164,440,S3_twin_shock,indonesia,USDC
766,0.7724164013267181,230984.48549652103,440,S3_twin_shock,indonesia,USDC
767,0.776690014818907,225209.873359108,440,S3_twin_shock,indonesia,USDC
768,0.7783239066669402,219579.62652513027,440,S3_twin_shock,indonesia,USDC
769,0.779629833372764,214090.13586200203,440,S3_twin_shock,indonesia,USDC
770,0.7772047027127985,208737.88246545198,440,S3_twin_shock,indonesia,USDC
771,0.7392446614921916,203519.4354038157,440,S3_twin_shock,indonesia,USDC
772,0.7579964864652482,198431.4495187203,440,S3_twin_shock,indonesia,USDC
773,0.7358880832848814,193470.66328075228,440,S3_twin_shock,indonesia,USDC
774,0.746989641837517,188633.89669873347,440,S3_twin_shock,indonesia,USDC
775,0.7724475879539491,183918.04928126512,440,S3_twin_shock,indonesia,USDC
776,0.7786927375326459,179320.09804923352,440,S3_twin_shock,indonesia,USDC
777,0.7719904549813814,174837.0955980027,440,S3_twin_shock,indonesia,USDC
778,0.7752665797875674,170466.1682080526,440,S3_twin_shock,indonesia,USDC
779,0.7819260330823721,166204.5140028513,440,S3_twin_shock,indonesia,USDC
780,0.7949431568011396,162049.40115278002,440,S3_twin_shock,indonesia,USDC
781,0.7788893300341937,157998.16612396052,440,S3_twin_shock,indonesia,USDC
782,0.7945128717515075,154048.21197086148,440,S3_twin_shock,indonesia,USDC
783,0.7761338991930785,150197.00667158997,440,S3_twin_shock,indonesia,USDC
784,0.7840692741945791,146442.08150480018,440,S3_twin_shock,indonesia,USDC
785,0.790123259851399,142781.0294671802,440,S3_twin_shock,indonesia,USDC
786,0.7854269971550752,139211.5037305007,440,S3_twin_shock,indonesia,USDC
787,0.7944737696961999,135731.21613723817,440,S3_twin_shock,indonesia,USDC
788,0.7922445446824556,132337.93573380722,440,S3_twin_shock,indonesia,USDC
789,0.8039958565053319,129029.48734046203,440,S3_twin_shock,indonesia,USDC
790,0.7965026148032804,125803.7501569505,440,S3_twin_shock,indonesia,USDC
791,0.8018035635728374,122658.65640302672,440,S3_twin_shock,indonesia,USDC
792,0.7824239937447457,119592.18999295105,440,S3_twin_shock,indonesia,USDC
793,0.7963653498606987,116602.38524312727,440,S3_twin_shock,indonesia,USDC
794,0.813905369206528,113687.3256120491,440,S3_twin_shock,indonesia,USDC
795,0.8084611218163843,110845.14247174787,440,S3_twin_shock,indonesia,USDC
796,0.7860256176715499,108074.01390995417,440,S3_twin_shock,indonesia,USDC
797,0.7977119248680007,105372.16356220531,440,S3_twin_shock,indonesia,USDC
798,0.8035054112604542,102737.8594731502,440,S3_twin_shock,indonesia,USDC
799,0.7886478795172361,100169.41298632143,440,S3_twin_shock,indonesia,USDC
800,0.8086826933988424,97665.17766166339,440,S3_twin_shock,indonesia,USDC
801,0.8079694965313523,95223.54822012181,440,S3_twin_shock,indonesia,USDC
802,0.7922099137827782,92842.95951461876,440,S3_twin_shock,indonesia,USDC
803,0.7893739770486836,90521.8855267533,440,S3_twin_shock,indonesia,USDC
804,0.7914029245590714,88258.83838858447,440,S3_twin_shock,indonesia,USDC
805,0.8052047658317324,86052.36742886985,440,S3_twin_shock,indonesia,USDC
806,0.7861671978041382,83901.05824314812,440,S3_twin_shock,indonesia,USDC
807,0.7781073087379358,81803.5317870694,440,S3_twin_shock,indonesia,USDC
808,0.7938948259015368,79758.44349239267,440,S3_twin_shock,indonesia,USDC
809,0.7962795789717271,77764.48240508285,440,S3_twin_shock,indonesia,USDC
810,0.7898772997104982,75820.37034495578,440,S3_twin_shock,indonesia,USDC
811,0.8072325514553594,73924.86108633189,440,S3_twin_shock,indonesia,USDC
812,0.8198795265842367,72076.73955917358,440,S3_twin_shock,indonesia,USDC
813,0.8321265647588522,70274.82107019424,440,S3_twin_shock,indonesia,USDC
814,0.8271908037138946,68517.9505434394,440,S3_twin_shock,indonesia,USDC
815,0.8036259713802353,66805.00177985341,440,S3_twin_shock,indonesia,USDC
816,0.8097514657977184,65134.87673535707,440,S3_twin_shock,indonesia,USDC
817,0.8093057159293371,63506.504816973145,440,S3_twin_shock,indonesia,USDC
818,0.8045914871694022,61918.84219654882,440,S3_twin_shock,indonesia,USDC
819,0.8185435355170461,60370.8711416351,440,S3_twin_shock,indonesia,USDC
820,0.81060555574501,58861.59936309422,440,S3_twin_shock,indonesia,USDC
821,0.8135918475005393,57390.059379016864,440,S3_twin_shock,indonesia,USDC
822,0.8077874883099901,55955.307894541445,440,S3_twin_shock,indonesia,USDC
823,0.8092364091739009,54556.42519717791,440,S3_twin_shock,indonesia,USDC
824,0.8060754283563375,53192.514567248465,440,S3_twin_shock,indonesia,USDC
825,0.8175154563416963,51862.70170306725,440,S3_twin_shock,indonesia,USDC
826,0.8160637429007753,50566.134160490576,440,S3_twin_shock,indonesia,USDC
827,0.8164238805865024,49301.980806478314,440,S3_twin_shock,indonesia,USDC
828,0.812296596013236,48069.43128631635,440,S3_twin_shock,indonesia,USDC
829,0.7965839203168467,46867.695504158444,440,S3_twin_shock,indonesia,USDC
830,0.8037148697904485,45696.00311655448,440,S3_twin_shock,indonesia,USDC
831,0.7974597586878821,44553.60303864062,440,S3_twin_shock,indonesia,USDC
832,0.8146933649702933,43439.762962674606,440,S3_twin_shock,indonesia,USDC
833,0.8225182275638139,42353.76888860774,440,S3_twin_shock,indonesia,USDC
834,0.8241605344835379,41294.924666392544,440,S3_twin_shock,indonesia,USDC
835,0.8300120790158296,40262.551549732736,440,S3_twin_shock,indonesia,USDC
836,0.8232124075697714,39255.98776098942,440,S3_twin_shock,indonesia,USDC
837,0.8363425275758184,38274.58806696468,440,S3_twin_shock,indonesia,USDC
838,0.843964013913569,37317.723365290556,440,S3_twin_shock,indonesia,USDC
839,0.8428826278097806,36384.780281158295,440,S3_twin_shock,indonesia,USDC
840,0.8206885671186857,35475.160774129334,440,S3_twin_shock,indonesia,USDC
841,0.8244603539290548,34588.2817547761,440,S3_twin_shock,indonesia,USDC
842,0.8359379242325833,33723.5747109067,440,S3_twin_shock,indonesia,USDC
843,0.831649401051669,32880.48534313403,440,S3_twin_shock,indonesia,USDC
844,0.8365823237414136,32058.473209555683,440,S3_twin_shock,indonesia,USDC
845,0.8497770620258079,31257.01137931679,440,S3_twin_shock,indonesia,USDC
846,0.8368183927986859,30475.586094833874,440,S3_twin_shock,indonesia,USDC
847,0.8370426364960807,29713.696442463028,440,S3_twin_shock,indonesia,USDC
848,0.8324320736011496,28970.854031401454,440,S3_twin_shock,indonesia,USDC
849,0.8297068281364138,28246.582680616415,440,S3_twin_shock,indonesia,USDC
850,0.8134540187103314,27540.418113601005,440,S3_twin_shock,indonesia,USDC
851,0.8078165997412708,26851.90766076098,440,S3_twin_shock,indonesia,USDC
852,0.8098958125109843,26180.609969241952,440,S3_twin_shock,indonesia,USDC
853,0.8135764629478001,25526.094720010908,440,S3_twin_shock,indonesia,USDC
854,0.8145744153263852,24887.942352010636,440,S3_twin_shock,indonesia,USDC
855,0.84135247454527,24265.74379321037,440,S3_twin_shock,indonesia,USDC
856,0.834758501012634,23659.10019838011,440,S3_twin_shock,indonesia,USDC
857,0.8155241478279643,23067.622693420606,440,S3_twin_shock,indonesia,USDC
858,0.8199389453837816,22490.932126085092,440,S3_twin_shock,indonesia,USDC
859,0.8073202372505277,21928.658822932965,440,S3_twin_shock,indonesia,USDC
860,0.8107316398714389,21380.44235235964,440,S3_twin_shock,indonesia,USDC
861,0.7902435186073478,20845.931293550646,440,S3_twin_shock,indonesia,USDC
862,0.7772799533424756,20324.783011211883,440,S3_twin_shock,indonesia,USDC
863,0.8097253836561872,19816.663435931587,440,S3_twin_shock,indonesia,USDC
864,0.836154275281872,19321.246850033298,440,S3_twin_shock,indonesia,USDC
865,0.844765107904669,18838.215678782464,440,S3_twin_shock,indonesia,USDC
866,0.8542987836294326,18367.2602868129,440,S3_twin_shock,indonesia,USDC
867,0.8264220487479051,17908.07877964258,440,S3_twin_shock,indonesia,USDC
868,0.8210578034017946,17460.376810151512,440,S3_twin_shock,indonesia,USDC
869,0.7988149646405158,17023.86738989773,440,S3_twin_shock,indonesia,USDC
870,0.8054416425269697,16598.270705150284,440,S3_twin_shock,indonesia,USDC
871,0.7865163320156485,16183.313937521527,440,S3_twin_shock,indonesia,USDC
872,0.7834441520823127,15778.731089083487,440,S3_twin_shock,indonesia,USDC
873,0.7957391140389743,15384.262811856403,440,S3_twin_shock,indonesia,USDC
874,0.8064478788871763,14999.656241559991,440,S3_twin_shock,indonesia,USDC
875,0.8029108884823155,14624.66483552099,440,S3_twin_shock,indonesia,USDC
876,0.7821346193197419,14259.048214632969,440,S3_twin_shock,indonesia,USDC
877,0.7646234845474206,13902.572009267144,440,S3_twin_shock,indonesia,USDC
878,0.7684720433564728,13555.007709035466,440,S3_twin_shock,indonesia,USDC
879,0.7775392387122874,13216.132516309579,440,S3_twin_shock,indonesia,USDC
880,0.7953488153887742,12885.72920340184,440,S3_twin_shock,indonesia,USDC
881,0.8202058435699473,12563.585973316793,440,S3_twin_shock,indonesia,USDC
882,0.8281522159653567,12249.496323983873,440,S3_twin_shock,indonesia,USDC
883,0.8184648146298381,11943.258915884275,440,S3_twin_shock,indonesia,USDC
884,0.7901964938640839,11644.67744298717,440,S3_twin_shock,indonesia,USDC
885,0.7912219204113521,11353.56050691249,440,S3_twin_shock,indonesia,USDC
886,0.7898192809818854,11069.721494239679,440,S3_twin_shock,indonesia,USDC
887,0.7742340211320187,10792.978456883686,440,S3_twin_shock,indonesia,USDC
888,0.7804936552204705,10523.153995461595,440,S3_twin_shock,indonesia,USDC
889,0.7576185261813503,10260.075145575054,440,S3_twin_shock,indonesia,USDC
890,0.773274984789274,10003.573266935677,440,S3_twin_shock,indonesia,USDC
891,0.7759427516239492,9753.483935262286,440,S3_twin_shock,indonesia,USDC
892,0.7426841384562195,9509.64683688073,440,S3_twin_shock,indonesia,USDC
893,0.7539816233839701,9271.90566595871,440,S3_twin_shock,indonesia,USDC
894,0.7719430957484755,9040.108024309742,440,S3_twin_shock,indonesia,USDC
895,0.7979016318491808,8814.105323701999,440,S3_twin_shock,indonesia,USDC
896,0.7968096170647836,8593.752690609448,440,S3_twin_shock,indonesia,USDC
897,0.8146629398759306,8378.908873344211,440,S3_twin_shock,indonesia,USDC
898,0.8160524862991466,8169.436151510607,440,S3_twin_shock,indonesia,USDC
899,0.8318662570628783,7965.200247722842,440,S3_twin_shock,indonesia,USDC
900,0.7951241660071939,7766.070241529771,440,S3_twin_shock,indonesia,USDC
901,0.7932986823730952,7571.9184854915275,440,S3_twin_shock,indonesia,USDC
902,0.8112168819738739,7382.620523354239,440,S3_twin_shock,indonesia,USDC
903,0.8141996688072146,7198.055010270383,440,S3_twin_shock,indonesia,USDC
904,0.8200652433792772,7018.103635013624,440,S3_twin_shock,indonesia,USDC
905,0.8171227143082596,6842.6510441382825,440,S3_twin_shock,indonesia,USDC
906,0.802245129355095,6671.584768034825,440,S3_twin_shock,indonesia,USDC
907,0.7963910785397906,6504.795148833955,440,S3_twin_shock,indonesia,USDC
908,0.8011512640711557,6342.175270113106,440,S3_twin_shock,indonesia,USDC
909,0.8164847253037085,6183.620888360278,440,S3_twin_shock,indonesia,USDC
910,0.8085723317179697,6029.03036615127,440,S3_twin_shock,indonesia,USDC
911,0.805078763074349,5878.304606997489,440,S3_twin_shock,indonesia,USDC
912,0.8094048065028886,5731.346991822551,440,S3_twin_shock,indonesia,USDC
913,0.8063365718137813,5588.0633170269875,440,S3_twin_shock,indonesia,USDC
914,0.8153057909377155,5448.361734101313,440,S3_twin_shock,indonesia,USDC
915,0.8355190381542686,5312.1526907487805,440,S3_twin_shock,indonesia,USDC
916,0.8392383438417707,5179.348873480061,440,S3_twin_shock,indonesia,USDC
917,0.8029234385492063,5049.865151643059,440,S3_twin_shock,indonesia,USDC
918,0.7894765617527215,4923.618522851983,440,S3_twin_shock,indonesia,USDC
919,0.7851108925818493,4800.528059780683,440,S3_twin_shock,indonesia,USDC
920,0.7922470270785998,4680.514858286166,440,S3_twin_shock,indonesia,USDC
921,0.8213904932489229,4563.501986829011,440,S3_twin_shock,indonesia,USDC
922,0.8320802922363004,4449.414437158286,440,S3_twin_shock,indonesia,USDC
923,0.7995205535544548,4338.179076229329,440,S3_twin_shock,indonesia,USDC
924,0.7720319377996466,4229.724599323596,440,S3_twin_shock,indonesia,USDC
925,0.7547781657150532,4123.981484340506,440,S3_twin_shock,indonesia,USDC
926,0.7452682333361561,4020.8819472319938,440,S3_twin_shock,indonesia,USDC
927,0.7464396976333094,3920.359898551194,440,S3_twin_shock,indonesia,USDC
928,0.7729615880430013,3822.350901087414,440,S3_twin_shock,indonesia,USDC
929,0.8016350376243225,3726.792128560229,440,S3_twin_shock,indonesia,USDC
930,0.8203300363230693,3633.6223253462226,440,S3_twin_shock,indonesia,USDC
931,0.8123987047636974,3542.7817672125675,440,S3_twin_shock,indonesia,USDC
932,0.820571147886303,3454.212223032253,440,S3_twin_shock,indonesia,USDC
933,0.8160267507889585,3367.8569174564464,440,S3_twin_shock,indonesia,USDC
934,0.8076649863197586,3283.660494520036,440,S3_twin_shock,indonesia,USDC
935,0.8105124571316236,3201.5689821570345,440,S3_twin_shock,indonesia,USDC
936,0.8150224348345699,3121.529757603109,440,S3_twin_shock,indonesia,USDC
937,0.8196087189287472,3043.491513663031,440,S3_twin_shock,indonesia,USDC
938,0.8088517122863569,2967.4042258214554,440,S3_twin_shock,indonesia,USDC
939,0.7838448846457341,2893.219120175919,440,S3_twin_shock,indonesia,USDC
940,0.785761389643636,2820.888642171521,440,S3_twin_shock,indonesia,USDC
941,0.8150581805708893,2750.366426117233,440,S3_twin_shock,indonesia,USDC
942,0.8056842097973063,2681.607265464302,440,S3_twin_shock,indonesia,USDC
943,0.799877729905432,2614.5670838276947,440,S3_twin_shock,indonesia,USDC
944,0.7825615717945305,2549.202906732002,440,S3_twin_shock,indonesia,USDC
945,0.7788212791497319,2485.472834063702,440,S3_twin_shock,indonesia,USDC
946,0.775673520230247,2423.3360132121097,440,S3_twin_shock,indonesia,USDC
947,0.7647449890485192,2362.752612881807,440,S3_twin_shock,indonesia,USDC
948,0.772323239151225,2303.683797559762,440,S3_twin_shock,indonesia,USDC
949,0.7621947957159717,2246.0917026207676,440,S3_twin_shock,indonesia,USDC
950,0.7702930079577458,2189.9394100552486,440,S3_twin_shock,indonesia,USDC
951,0.7583812846174869,2135.1909248038673,440,S3_twin_shock,indonesia,USDC
952,0.7806117013177821,2081.8111516837707,440,S3_twin_shock,indonesia,USDC
953,0.7922073030042728,2029.7658728916763,440,S3_twin_shock,indonesia,USDC
954,0.8077859223300223,1979.0217260693844,440,S3_twin_shock,indonesia,USDC
955,0.8165865928420764,1929.5461829176497,440,S3_twin_shock,indonesia,USDC
956,0.8112115772742603,1881.3075283447088,440,S3_twin_shock,indonesia,USDC
957,0.7985922870152964,1834.2748401360911,440,S3_twin_shock,indonesia,USDC
958,0.8048856602378536,1788.4179691326885,440,S3_twin_shock,indonesia,USDC
959,0.8080397369104142,1743.7075199043716,440,S3_twin_shock,indonesia,USDC
960,0.7921394866374702,1700.1148319067624,440,S3_twin_shock,indonesia,USDC
961,0.7989914351019877,1657.611961109093,440,S3_twin_shock,indonesia,USDC
962,0.802279603297216,1616.1716620813659,440,S3_twin_shock,indonesia,USDC
963,0.7782671640415383,1575.7673705293319,440,S3_twin_shock,indonesia,USDC
964,0.7972752946158131,1536.3731862660986,440,S3_twin_shock,indonesia,USDC
965,0.8045326564726212,1497.963856609446,440,S3_twin_shock,indonesia,USDC
966,0.7947106305459349,1460.51476019421,440,S3_twin_shock,indonesia,USDC
967,0.7972910013647433,1424.0018911893549,440,S3_twin_shock,indonesia,USDC
968,0.8120748743426007,1388.401843909621,440,S3_twin_shock,indonesia,USDC
969,0.7977464877924226,1353.6917978118804,440,S3_twin_shock,indonesia,USDC
970,0.82142465593087,1319.8495028665834,440,S3_twin_shock,indonesia,USDC
971,0.8400089988037596,1286.8532652949189,440,S3_twin_shock,indonesia,USDC
972,0.8475672738568851,1254.6819336625458,440,S3_twin_shock,indonesia,USDC
973,0.8545015576432105,1223.3148853209823,440,S3_twin_shock,indonesia,USDC
974,0.8332051862198909,1192.7320131879576,440,S3_twin_shock,indonesia,USDC
975,0.851268707142617,1162.9137128582588,440,S3_twin_shock,indonesia,USDC
976,0.8445212295315896,1133.8408700368022,440,S3_twin_shock,indonesia,USDC
977,0.814218678939974,1105.4948482858822,440,S3_twin_shock,indonesia,USDC
978,0.7985060694029252,1077.857477078735,440,S3_twin_shock,indonesia,USDC
979,0.7913467621676219,1050.9110401517667,440,S3_twin_shock,indonesia,USDC
980,0.823118131774903,1024.6382641479724,440,S3_twin_shock,indonesia,USDC
981,0.7907147244731386,999.0223075442732,440,S3_twin_shock,indonesia,USDC
982,0.8143910586109514,974.0467498556663,440,S3_twin_shock,indonesia,USDC
983,0.7911336329058836,949.6955811092747,440,S3_twin_shock,indonesia,USDC
984,0.7895862642567071,925.9531915815428,440,S3_twin_shock,indonesia,USDC
985,0.7999840054521639,902.8043617920043,440,S3_twin_shock,indonesia,USDC
986,0.7941161791843278,880.2342527472042,440,S3_twin_shock,indonesia,USDC
987,0.8088613287707256,858.2283964285241,440,S3_twin_shock,indonesia,USDC
988,0.804502782745762,836.7726865178109,440,S3_twin_shock,indonesia,USDC
989,0.8166577215963176,815.8533693548657,440,S3_twin_shock,indonesia,USDC
990,0.8286736942352403,795.4570351209941,440,S3_twin_shock,indonesia,USDC
991,0.853839297399442,775.5706092429691,440,S3_twin_shock,indonesia,USDC
992,0.8242059617791747,756.1813440118949,440,S3_twin_shock,indonesia,USDC
993,0.8312842872478677,737.2768104115976,440,S3_twin_shock,indonesia,USDC
994,0.8226887235489223,718.8448901513077,440,S3_twin_shock,indonesia,USDC
995,0.799913629083307,700.8737678975249,440,S3_twin_shock,indonesia,USDC
996,0.8071390623448618,683.3519237000869,440,S3_twin_shock,indonesia,USDC
997,0.7844086026078585,666.2681256075847,440,S3_twin_shock,indonesia,USDC
998,0.7730389152861805,649.6114224673951,440,S3_twin_shock,indonesia,USDC
999,0.7627624120225274,633.3711369057102,440,S3_twin_shock,indonesia,USDC
1000,0.7467284617998834,617.5368584830674,440,S3_twin_shock,indonesia,USDC
