Step,price,liquidity,iteration,scenario,region,coin
1,1.0123291897824955,2990062443809.7603,15,S3_twin_shock,indonesia,USDC
2,1.0187791076536,2990062443809.7603,15,S3_twin_shock,indonesia,USDC
3,1.0040638112241203,2990062443809.7603,15,S3_twin_shock,indonesia,USDC
4,1.0123473585702063,2990062443809.7603,15,S3_twin_shock,indonesia,USDC
5,1.0203121132454682,2990062443809.7603,15,S3_twin_shock,indonesia,USDC
6,1.008120890575502,2990062443809.7603,15,S3_twin_shock,indonesia,USDC
7,0.996472376520264,2990062443809.7603,15,S3_twin_shock,indonesia,USDC
8,0.9954415897037633,2990062443809.7603,15,S3_twin_shock,indonesia,USDC
9,1.0149885813146446,2990062443809.7603,15,S3_twin_shock,indonesia,USDC
10,1.0214580458265101,2990062443809.7603,15,S3_twin_shock,indonesia,USDC
11,1.015499886463762,2990062443809.7603,15,S3_twin_shock,indonesia,USDC
12,1.0531082151477371,2990062443809.7603,15,S3_twin_shock,indonesia,USDC
13,1.048704176384672,2990062443809.7603,15,S3_twin_shock,indonesia,USDC
14,1.0569724493324024,2990062443809.7603,15,S3_twin_shock,indonesia,USDC
15,1.0478353210200329,2990062443809.7603,15,S3_twin_shock,indonesia,USDC
16,1.031464265948385,2990062443809.7603,15,S3_twin_shock,indonesia,USDC
17,1.009936554422672,2990062443809.7603,15,S3_twin_shock,indonesia,USDC
18,1.0042331915142524,2990062443809.7603,15,S3_twin_shock,indonesia,USDC
19,1.0204370839789636,2990062443809.7603,15,S3_twin_shock,indonesia,USDC
20,1.037616088528454,2990062443809.7603,15,S3_twin_shock,indonesia,USDC
21,0.9902207651718158,2990062443809.7603,15,S3_twin_shock,indonesia,USDC
22,1.0369852096272796,2990062443809.7603,15,S3_twin_shock,indonesia,USDC
23,1.0676805280303068,2990062443809.7603,15,S3_twin_shock,indonesia,USDC
24,1.0983338521161297,2990062443809.7603,15,S3_twin_shock,indonesia,USDC
25,1.06582819661111,2990062443809.7603,15,S3_twin_shock,indonesia,USDC
26,1.0764451544399893,2990062443809.7603,15,S3_twin_shock,indonesia,USDC
27,1.0387947049654958,2990062443809.7603,15,S3_twin_shock,indonesia,USDC
28,1.0019305388284432,2990062443809.7603,15,S3_twin_shock,indonesia,USDC
29,1.014973496199925,2990062443809.7603,15,S3_twin_shock,indonesia,USDC
30,0.9837516313197638,2990062443809.7603,15,S3_twin_shock,indonesia,USDC
31,0.9838355284357828,2990062443809.7603,15,S3_twin_shock,indonesia,USDC
32,0.9766316580259048,2990062443809.7603,15,S3_twin_shock,indonesia,USDC
33,0.9876092647964144,2990062443809.7603,15,S3_twin_shock,indonesia,USDC
34,0.9604748554075289,2990062443809.7603,15,S3_twin_shock,indonesia,USDC
35,0.9621019658195008,2989515554046.086,15,S3_twin_shock,indonesia,USDC
36,0.9533931252527625,2989058787339.611,15,S3_twin_shock,indonesia,USDC
37,0.984310908255209,2988065718133.7114,15,S3_twin_shock,indonesia,USDC
38,0.9756955415776736,2988065718133.7114,15,S3_twin_shock,indonesia,USDC
39,0.9655256039366565,2988065718133.7114,15,S3_twin_shock,indonesia,USDC
40,0.9970611024275048,2987810800912.6074,15,S3_twin_shock,indonesia,USDC
41,0.9898994327354685,2987810800912.6074,15,S3_twin_shock,indonesia,USDC
42,0.9916698688475957,2987810800912.6074,15,S3_twin_shock,indonesia,USDC
43,1.0088142162595781,2987810800912.6074,15,S3_twin_shock,indonesia,USDC
44,1.0290461983072183,2987810800912.6074,15,S3_twin_shock,indonesia,USDC
45,1.007779238448656,2987810800912.6074,15,S3_twin_shock,indonesia,USDC
46,0.8296198809072247,2987810800912.6074,15,S3_twin_shock,indonesia,USDC
47,0.8352931242491184,2979516605139.068,15,S3_twin_shock,indonesia,USDC
48,0.8577846643815628,2972762299787.397,15,S3_twin_shock,indonesia,USDC
49,0.8786233605811204,2967868410765.7373,15,S3_twin_shock,indonesia,USDC
50,0.9035528838808722,2964306985806.543,15,S3_twin_shock,indonesia,USDC
51,0.911330939436496,2961961159973.0312,15,S3_twin_shock,indonesia,USDC
52,0.8996552384583063,2960057219466.502,15,S3_twin_shock,indonesia,USDC
53,0.9092116831824387,2957938598827.412,15,S3_twin_shock,indonesia,USDC
54,0.9119822727694639,2956266540122.7207,15,S3_twin_shock,indonesia,USDC
55,0.915291104116094,2954770570349.8076,15,S3_twin_shock,indonesia,USDC
56,0.9289847595544757,2953444608117.8545,15,S3_twin_shock,indonesia,USDC
57,0.915076362391092,2952455922456.789,15,S3_twin_shock,indonesia,USDC
58,0.9171178450196065,2951210117592.765,15,S3_twin_shock,indonesia,USDC
59,0.911854292723703,2950120893022.188,15,S3_twin_shock,indonesia,USDC
60,0.9025263817801542,2948918508778.5566,15,S3_twin_shock,indonesia,USDC
61,0.8982702817334777,2947631091781.419,15,S3_twin_shock,indonesia,USDC
62,0.9153339742234313,2946356689111.176,15,S3_twin_shock,indonesia,USDC
63,0.943550471641432,2945438398767.1997,15,S3_twin_shock,indonesia,USDC
64,0.9251912736317477,2945058533290.1533,15,S3_twin_shock,indonesia,USDC
65,0.9537749248337543,2944365795485.9053,15,S3_twin_shock,indonesia,USDC
66,0.9627343909063059,2944147821442.5947,15,S3_twin_shock,indonesia,USDC
67,1.0004720179027806,2944068320356.857,15,S3_twin_shock,indonesia,USDC
68,1.0373250183696685,2944068320356.857,15,S3_twin_shock,indonesia,USDC
69,1.0102997264651683,2944068320356.857,15,S3_twin_shock,indonesia,USDC
70,1.0307194681773966,2944068320356.857,15,S3_twin_shock,indonesia,USDC
71,1.0151681676511704,2944068320356.857,15,S3_twin_shock,indonesia,USDC
72,1.0106812143437867,2944068320356.857,15,S3_twin_shock,indonesia,USDC
73,1.0163263050304006,2944068320356.857,15,S3_twin_shock,indonesia,USDC
74,1.0006233430759144,2944068320356.857,15,S3_twin_shock,indonesia,USDC
75,1.000820498827847,2944068320356.857,15,S3_twin_shock,indonesia,USDC
76,1.0071098381124086,2944068320356.857,15,S3_twin_shock,indonesia,USDC
77,1.010892150493589,2944068320356.857,15,S3_twin_shock,indonesia,USDC
78,0.9892049562697408,2944068320356.857,15,S3_twin_shock,indonesia,USDC
79,1.040531655529612,2944068320356.857,15,S3_twin_shock,indonesia,USDC
80,1.0401934275845313,2944068320356.857,15,S3_twin_shock,indonesia,USDC
81,1.028715483967999,2944068320356.857,15,S3_twin_shock,indonesia,USDC
82,0.9818626119690933,2944068320356.857,15,S3_twin_shock,indonesia,USDC
83,0.9887315075460246,2944068320356.857,15,S3_twin_shock,indonesia,USDC
84,0.9889640102443981,2944068320356.857,15,S3_twin_shock,indonesia,USDC
85,1.0185079292619634,2944068320356.857,15,S3_twin_shock,indonesia,USDC
86,1.0109973664483691,2944068320356.857,15,S3_twin_shock,indonesia,USDC
87,0.9642777926577188,2944068320356.857,15,S3_twin_shock,indonesia,USDC
88,0.9893729620838531,2944002850115.0396,15,S3_twin_shock,indonesia,USDC
89,0.9750640812702687,2944002850115.0396,15,S3_twin_shock,indonesia,USDC
90,0.9783809826273102,2944002850115.0396,15,S3_twin_shock,indonesia,USDC
91,0.9601383365487074,2944002850115.0396,15,S3_twin_shock,indonesia,USDC
92,0.9398558087409952,2943870603523.593,15,S3_twin_shock,indonesia,USDC
93,0.9372745582617563,2943484302722.1387,15,S3_twin_shock,indonesia,USDC
94,0.923036262900218,2943031481833.6274,15,S3_twin_shock,indonesia,USDC
95,0.9442769125102045,2942420623408.468,15,S3_twin_shock,indonesia,USDC
96,0.9514888412262293,2942128397904.4653,15,S3_twin_shock,indonesia,USDC
97,0.9529119177092447,2941918236064.4375,15,S3_twin_shock,indonesia,USDC
98,0.9731630127985273,2941709377555.499,15,S3_twin_shock,indonesia,USDC
99,0.9946122815547573,2941709377555.499,15,S3_twin_shock,indonesia,USDC
100,0.9787989721568773,2941709377555.499,15,S3_twin_shock,indonesia,USDC
101,0.8469439516024512,2941709377555.499,15,S3_twin_shock,indonesia,USDC
102,0.8504351040307734,2940262527260.1143,15,S3_twin_shock,indonesia,USDC
103,0.8817365601326389,2939057793871.6787,15,S3_twin_shock,indonesia,USDC
104,0.8981412054790364,2938294113987.9473,15,S3_twin_shock,indonesia,USDC
105,0.8939084363782801,2937727521724.198,15,S3_twin_shock,indonesia,USDC
106,0.9249992873408818,2937140201549.7217,15,S3_twin_shock,indonesia,USDC
107,0.9178327940863178,2936821052559.6924,15,S3_twin_shock,indonesia,USDC
108,0.8490485717719898,2936467132515.1387,15,S3_twin_shock,indonesia,USDC
109,0.8646124164611997,2935685214349.364,15,S3_twin_shock,indonesia,USDC
110,0.8768103084238321,2935074317236.001,15,S3_twin_shock,indonesia,USDC
111,0.8743666162127444,2934592817299.083,15,S3_twin_shock,indonesia,USDC
112,0.7741800461608007,2934165648276.5107,15,S3_twin_shock,indonesia,USDC
113,0.772325029933854,2933385070918.667,15,S3_twin_shock,indonesia,USDC
114,0.795256979243564,2932721130192.324,15,S3_twin_shock,indonesia,USDC
115,0.8271220595163692,2932270233784.4146,15,S3_twin_shock,indonesia,USDC
116,0.827875031061376,2931951453226.2944,15,S3_twin_shock,indonesia,USDC
117,0.849572270528546,2931685737084.5513,15,S3_twin_shock,indonesia,USDC
118,0.7092445453951877,2931484201493.4697,15,S3_twin_shock,indonesia,USDC
119,0.7332227728198593,2931123312956.284,15,S3_twin_shock,indonesia,USDC
120,0.7542146661626548,2930864354549.1553,15,S3_twin_shock,indonesia,USDC
121,0.7704910219189542,2857418813147.0835,15,S3_twin_shock,indonesia,USDC
122,0.7871928183736147,2785863124490.3555,15,S3_twin_shock,indonesia,USDC
123,0.7790714243515074,2716124631661.3213,15,S3_twin_shock,indonesia,USDC
124,0.7954283082018916,2648143609651.761,15,S3_twin_shock,indonesia,USDC
125,0.8049370548513916,2581885023146.24,15,S3_twin_shock,indonesia,USDC
126,0.7872851362211928,2517294917300.993,15,S3_twin_shock,indonesia,USDC
127,0.7605884053542854,2454321934417.2144,15,S3_twin_shock,indonesia,USDC
128,0.7476399724477363,2392925176283.004,15,S3_twin_shock,indonesia,USDC
129,0.7548350629501925,2333070416696.7686,15,S3_twin_shock,indonesia,USDC
130,0.7503333835960022,2274720862801.3423,15,S3_twin_shock,indonesia,USDC
131,0.7631032471557765,2217833326851.526,15,S3_twin_shock,indonesia,USDC
132,0.7846468147473116,2162374090018.8945,15,S3_twin_shock,indonesia,USDC
133,0.7927623718852508,2108304952644.6292,15,S3_twin_shock,indonesia,USDC
134,0.8150941926782925,2055589850714.83,15,S3_twin_shock,indonesia,USDC
135,0.8275295357843648,2004194356965.916,15,S3_twin_shock,indonesia,USDC
136,0.868415353506147,1954085324984.327,15,S3_twin_shock,indonesia,USDC
137,0.8895718278231565,1905230461700.124,15,S3_twin_shock,indonesia,USDC
138,0.8944741212536359,1857597809200.8042,15,S3_twin_shock,indonesia,USDC
139,0.8744429356967803,1811156232526.0022,15,S3_twin_shock,indonesia,USDC
140,0.8778771870756598,1765875374503.8574,15,S3_twin_shock,indonesia,USDC
141,0.8782808891774588,1721726793498.3757,15,S3_twin_shock,indonesia,USDC
142,0.8784131857190299,1678682128730.1929,15,S3_twin_shock,indonesia,USDC
143,0.8872624546662814,1636713720778.031,15,S3_twin_shock,indonesia,USDC
144,0.8841953279463626,1595794793196.9438,15,S3_twin_shock,indonesia,USDC
145,0.8689901778028355,1555898865660.3403,15,S3_twin_shock,indonesia,USDC
146,0.8477311627818404,1517000305682.415,15,S3_twin_shock,indonesia,USDC
147,0.8388624701897512,1479074105652.9458,15,S3_twin_shock,indonesia,USDC
148,0.8524496371337094,1442096075288.1594,15,S3_twin_shock,indonesia,USDC
149,0.8527745355351241,1406042796833.7417,15,S3_twin_shock,indonesia,USDC
150,0.8278864584310792,1370890900162.293,15,S3_twin_shock,indonesia,USDC
151,0.8194432597876524,1336617746506.8853,15,S3_twin_shock,indonesia,USDC
152,0.8567278426286066,1303201506108.4785,15,S3_twin_shock,indonesia,USDC
153,0.8770991641547266,1270620983243.1123,15,S3_twin_shock,indonesia,USDC
154,0.8812307500755945,1238855114212.5771,15,S3_twin_shock,indonesia,USDC
155,0.8472190923199295,1207883429817.6235,15,S3_twin_shock,indonesia,USDC
156,0.8714603421644144,1177685938992.065,15,S3_twin_shock,indonesia,USDC
157,0.8738550896147181,1148243506565.129,15,S3_twin_shock,indonesia,USDC
158,0.8589109902759949,1119537169994.476,15,S3_twin_shock,indonesia,USDC
159,0.8618972792697613,1091548498108.5797,15,S3_twin_shock,indonesia,USDC
160,0.8668295508112984,1064259560572.6458,15,S3_twin_shock,indonesia,USDC
161,0.8318953862553908,1037652880684.8501,15,S3_twin_shock,indonesia,USDC
162,0.8254077109742486,1011711335031.0359,15,S3_twin_shock,indonesia,USDC
163,0.8263253190818417,986418358356.7881,15,S3_twin_shock,indonesia,USDC
164,0.8128617877390021,961757727227.0103,15,S3_twin_shock,indonesia,USDC
165,0.8202916701888698,937713626276.5818,15,S3_twin_shock,indonesia,USDC
166,0.8155372177824282,914270655948.5415,15,S3_twin_shock,indonesia,USDC
167,0.7932682979761179,891413776124.1907,15,S3_twin_shock,indonesia,USDC
168,0.796710522085524,869128326440.9065,15,S3_twin_shock,indonesia,USDC
169,0.8049270586182824,847400030936.4333,15,S3_twin_shock,indonesia,USDC
170,0.7961553977621775,826214958499.7593,15,S3_twin_shock,indonesia,USDC
171,0.7992757737546721,805559525581.2958,15,S3_twin_shock,indonesia,USDC
172,0.8080848515196148,785420487311.4026,15,S3_twin_shock,indonesia,USDC
173,0.8268998974260906,765784936590.0977,15,S3_twin_shock,indonesia,USDC
174,0.8374523585861029,746640283989.4558,15,S3_twin_shock,indonesia,USDC
175,0.8553426836623145,727974253299.9341,15,S3_twin_shock,indonesia,USDC
176,0.7281935523001,709774879728.704,15,S3_twin_shock,indonesia,USDC
177,0.7212808976006647,692030475483.6982,15,S3_twin_shock,indonesia,USDC
178,0.7131732395254284,674729689025.9445,15,S3_twin_shock,indonesia,USDC
179,0.7166522111798284,657861427310.4127,15,S3_twin_shock,indonesia,USDC
180,0.763402214898072,641414877403.0592,15,S3_twin_shock,indonesia,USDC
181,0.7527034952365177,625379497017.9993,15,S3_twin_shock,indonesia,USDC
182,0.7346299467596259,609745002524.4456,15,S3_twin_shock,indonesia,USDC
183,0.6433322605112661,594501371565.4698,15,S3_twin_shock,indonesia,USDC
184,0.6569211456866462,579638830830.5096,15,S3_twin_shock,indonesia,USDC
185,0.6614933751033711,565147855969.3496,15,S3_twin_shock,indonesia,USDC
186,0.6654692303769486,551019156769.3285,15,S3_twin_shock,indonesia,USDC
187,0.6885506598939558,537243675804.22656,15,S3_twin_shock,indonesia,USDC
188,0.7039548416307179,523812582683.7053,15,S3_twin_shock,indonesia,USDC
189,0.7183816657181232,510717267242.4435,15,S3_twin_shock,indonesia,USDC
190,0.754435157549466,497949334957.79016,15,S3_twin_shock,indonesia,USDC
191,0.7679561258251856,485500601198.296,15,S3_twin_shock,indonesia,USDC
192,0.7791192478304731,473363085886.04956,15,S3_twin_shock,indonesia,USDC
193,0.7953092893233258,461529008535.02014,15,S3_twin_shock,indonesia,USDC
194,0.7972881042687825,449990783163.4762,15,S3_twin_shock,indonesia,USDC
195,0.7894401035753539,438741013460.7595,15,S3_twin_shock,indonesia,USDC
196,0.793860813643314,427772488014.4502,15,S3_twin_shock,indonesia,USDC
197,0.7931679087422719,417078175726.1662,15,S3_twin_shock,indonesia,USDC
198,0.7881763933647449,406651221258.6378,15,S3_twin_shock,indonesia,USDC
199,0.7868560567522149,396484940663.08167,15,S3_twin_shock,indonesia,USDC
200,0.7998215107631184,386572817095.1007,15,S3_twin_shock,indonesia,USDC
201,0.816302469438257,376908496628.81165,15,S3_twin_shock,indonesia,USDC
202,0.8091238743551825,367485784183.3809,15,S3_twin_shock,indonesia,USDC
203,0.8294408069660263,358298639552.62585,15,S3_twin_shock,indonesia,USDC
204,0.8326976813298679,349341173545.1422,15,S3_twin_shock,indonesia,USDC
205,0.8236494768599104,340607644191.1734,15,S3_twin_shock,indonesia,USDC
206,0.8429055848172688,332092453072.2744,15,S3_twin_shock,indonesia,USDC
207,0.8696685219735131,323790141735.20355,15,S3_twin_shock,indonesia,USDC
208,0.8756068479314743,315695388184.2487,15,S3_twin_shock,indonesia,USDC
209,0.8850505959022632,307803003473.6742,15,S3_twin_shock,indonesia,USDC
210,0.8926837351897168,300107928381.7154,15,S3_twin_shock,indonesia,USDC
211,0.8735429231211614,292605230168.1246,15,S3_twin_shock,indonesia,USDC
212,0.8668546230108705,285290099409.11,15,S3_twin_shock,indonesia,USDC
213,0.8698968661101858,278157846919.02136,15,S3_twin_shock,indonesia,USDC
214,0.8449092571655924,271203900741.91605,15,S3_twin_shock,indonesia,USDC
215,0.8580930600974722,264423803218.63242,15,S3_twin_shock,indonesia,USDC
216,0.8571968421339834,257813208134.6281,15,S3_twin_shock,indonesia,USDC
217,0.8767645966912936,251367877928.0937,15,S3_twin_shock,indonesia,USDC
218,0.8560558095454963,245083680977.46155,15,S3_twin_shock,indonesia,USDC
219,0.8279538678194408,238956588950.39713,15,S3_twin_shock,indonesia,USDC
220,0.8074639087359131,232982674223.79254,15,S3_twin_shock,indonesia,USDC
221,0.8066553641214717,227158107365.286,15,S3_twin_shock,indonesia,USDC
222,0.7884292597932175,221479154678.71796,15,S3_twin_shock,indonesia,USDC
223,0.7980276770085044,215942175809.5877,15,S3_twin_shock,indonesia,USDC
224,0.7914987223964448,210543621412.6345,15,S3_twin_shock,indonesia,USDC
225,0.7995289450707165,205280030875.87653,15,S3_twin_shock,indonesia,USDC
226,0.8046486649897059,200148030102.84497,15,S3_twin_shock,indonesia,USDC
227,0.7999291799725536,195144329349.34286,15,S3_twin_shock,indonesia,USDC
228,0.7774595891173955,190265721114.79474,15,S3_twin_shock,indonesia,USDC
229,0.7934178155924912,185509078086.17822,15,S3_twin_shock,indonesia,USDC
230,0.7908618941952625,180871351133.46222,15,S3_twin_shock,indonesia,USDC
231,0.7636535500887923,176349567354.6597,15,S3_twin_shock,indonesia,USDC
232,0.7400579691258385,171940828170.3556,15,S3_twin_shock,indonesia,USDC
233,0.7383238631385887,167642307465.7345,15,S3_twin_shock,indonesia,USDC
234,0.7396928942409337,163451249778.79678,15,S3_twin_shock,indonesia,USDC
235,0.7449419725823669,159364968534.09824,15,S3_twin_shock,indonesia,USDC
236,0.7474880432823747,155380844320.58505,15,S3_twin_shock,indonesia,USDC
237,0.6966406180504199,151496323212.44632,15,S3_twin_shock,indonesia,USDC
238,0.7127140598175742,147708915132.00848,15,S3_twin_shock,indonesia,USDC
239,0.7102638106734893,144016192253.62592,15,S3_twin_shock,indonesia,USDC
240,0.737080704134957,140415787447.22446,15,S3_twin_shock,indonesia,USDC
241,0.7384980206605062,136905392761.00314,15,S3_twin_shock,indonesia,USDC
242,0.7311881761686665,133482757941.94557,15,S3_twin_shock,indonesia,USDC
243,0.720875813488621,130145688993.37073,15,S3_twin_shock,indonesia,USDC
244,0.7516601862025589,126892046768.51627,15,S3_twin_shock,indonesia,USDC
245,0.7592710703412925,123719745599.28983,15,S3_twin_shock,indonesia,USDC
246,0.7655615003125432,120626751959.29765,15,S3_twin_shock,indonesia,USDC
247,0.7631162396670063,117611083160.30779,15,S3_twin_shock,indonesia,USDC
248,0.7549278789738867,114670806081.2941,15,S3_twin_shock,indonesia,USDC
249,0.7443899856599693,111804035929.25659,15,S3_twin_shock,indonesia,USDC
250,0.7469910096238903,109008935031.02115,15,S3_twin_shock,indonesia,USDC
251,0.7619303061728153,106283711655.24246,15,S3_twin_shock,indonesia,USDC
252,0.7720405049626485,103626618863.85912,15,S3_twin_shock,indonesia,USDC
253,0.7544760771197053,101035953392.26093,15,S3_twin_shock,indonesia,USDC
254,0.7564118893696162,98510054557.45294,15,S3_twin_shock,indonesia,USDC
255,0.7536638481587448,96047303193.51543,15,S3_twin_shock,indonesia,USDC
256,0.768353462037337,93646120613.6766,15,S3_twin_shock,indonesia,USDC
257,0.7656248339958923,91304967598.33401,15,S3_twin_shock,indonesia,USDC
258,0.7576443028737305,89022343408.37512,15,S3_twin_shock,indonesia,USDC
259,0.7679175951000484,86796784823.16531,15,S3_twin_shock,indonesia,USDC
260,0.7732657733280837,84626865202.58585,15,S3_twin_shock,indonesia,USDC
261,0.7584716594485376,82511193572.52095,15,S3_twin_shock,indonesia,USDC
262,0.7383563169357534,80448413733.2077,15,S3_twin_shock,indonesia,USDC
263,0.7763195615927542,78437203389.87733,15,S3_twin_shock,indonesia,USDC
264,0.7638409885542121,76476273305.13028,15,S3_twin_shock,indonesia,USDC
265,0.7815240462224752,74564366472.50192,15,S3_twin_shock,indonesia,USDC
266,0.7802830654750219,72700257310.68929,15,S3_twin_shock,indonesia,USDC
267,0.7683495212489654,70882750877.922,15,S3_twin_shock,indonesia,USDC
268,0.7682984585475664,69110682105.97389,15,S3_twin_shock,indonesia,USDC
269,0.7401987632875678,67382915053.32449,15,S3_twin_shock,indonesia,USDC
270,0.7382239003035131,65698342176.99135,15,S3_twin_shock,indonesia,USDC
271,0.7416307351646763,64055883622.56652,15,S3_twin_shock,indonesia,USDC
272,0.7497439145000881,62454486532.002335,15,S3_twin_shock,indonesia,USDC
273,0.7628084879530558,60893124368.70227,15,S3_twin_shock,indonesia,USDC
274,0.7825217342988049,59370796259.484695,15,S3_twin_shock,indonesia,USDC
275,0.7870882051663879,57886526352.99757,15,S3_twin_shock,indonesia,USDC
276,0.7876936939527056,56439363194.172615,15,S3_twin_shock,indonesia,USDC
277,0.7775594284315577,55028379114.318306,15,S3_twin_shock,indonesia,USDC
278,0.7601291910650647,53652669636.46034,15,S3_twin_shock,indonesia,USDC
279,0.7637980987965143,52311352895.54883,15,S3_twin_shock,indonesia,USDC
280,0.7445826388291069,51003569073.16011,15,S3_twin_shock,indonesia,USDC
281,0.7400480662837075,49728479846.33111,15,S3_twin_shock,indonesia,USDC
282,0.7506796458347932,48485267850.17283,15,S3_twin_shock,indonesia,USDC
283,0.7561538798498751,47273136153.91851,15,S3_twin_shock,indonesia,USDC
284,0.7785656537071204,46091307750.07054,15,S3_twin_shock,indonesia,USDC
285,0.7730178785058952,44939025056.31878,15,S3_twin_shock,indonesia,USDC
286,0.7667165352949998,43815549429.91081,15,S3_twin_shock,indonesia,USDC
287,0.7635486086635905,42720160694.16304,15,S3_twin_shock,indonesia,USDC
288,0.7674620578418128,41652156676.80896,15,S3_twin_shock,indonesia,USDC
289,0.761718768369754,40610852759.88875,15,S3_twin_shock,indonesia,USDC
290,0.7765521874684564,39595581440.891525,15,S3_twin_shock,indonesia,USDC
291,0.7642102127760277,38605691904.86924,15,S3_twin_shock,indonesia,USDC
292,0.7633081636191935,37640549607.247505,15,S3_twin_shock,indonesia,USDC
293,0.7818672445435096,36699535867.06632,15,S3_twin_shock,indonesia,USDC
294,0.8046662387783279,35782047470.389656,15,S3_twin_shock,indonesia,USDC
295,0.8076457149382221,34887496283.62992,15,S3_twin_shock,indonesia,USDC
296,0.788281653307123,34015308876.53917,15,S3_twin_shock,indonesia,USDC
297,0.7868070774856984,33164926154.625694,15,S3_twin_shock,indonesia,USDC
298,0.798975988030061,32335803000.760048,15,S3_twin_shock,indonesia,USDC
299,0.7803199907761904,31527407925.74105,15,S3_twin_shock,indonesia,USDC
300,0.7619419132446,30739222727.597527,15,S3_twin_shock,indonesia,USDC
301,0.7848690632424847,29970742159.407585,15,S3_twin_shock,indonesia,USDC
302,0.7629288938606138,29221473605.422398,15,S3_twin_shock,indonesia,USDC
303,0.7489324107466849,28490936765.28684,15,S3_twin_shock,indonesia,USDC
304,0.7834040929828964,27778663346.15467,15,S3_twin_shock,indonesia,USDC
305,0.7604665908445074,27084196762.5008,15,S3_twin_shock,indonesia,USDC
306,0.7562622550226373,26407091843.438286,15,S3_twin_shock,indonesia,USDC
307,0.757484105697255,25746914547.352325,15,S3_twin_shock,indonesia,USDC
308,0.7628637316840533,25103241683.668518,15,S3_twin_shock,indonesia,USDC
309,0.7684679112173041,24475660641.576805,15,S3_twin_shock,indonesia,USDC
310,0.7442961508635139,23863769125.537384,15,S3_twin_shock,indonesia,USDC
311,0.7517892203174494,23267174897.39895,15,S3_twin_shock,indonesia,USDC
312,0.7769945964400742,22685495524.963974,15,S3_twin_shock,indonesia,USDC
313,0.7751086534654495,22118358136.839874,15,S3_twin_shock,indonesia,USDC
314,0.7677688167728013,21565399183.418877,15,S3_twin_shock,indonesia,USDC
315,0.8034515081617547,21026264203.833405,15,S3_twin_shock,indonesia,USDC
316,0.7678066145937499,20500607598.73757,15,S3_twin_shock,indonesia,USDC
317,0.785050064582794,19988092408.769135,15,S3_twin_shock,indonesia,USDC
318,0.7903671607265197,19488390098.549904,15,S3_twin_shock,indonesia,USDC
319,0.78502635130928,19001180346.086155,15,S3_twin_shock,indonesia,USDC
320,0.8432275613012158,18526150837.434002,15,S3_twin_shock,indonesia,USDC
321,0.8191961879788985,18062997066.49815,15,S3_twin_shock,indonesia,USDC
322,0.8023615981332206,17611422139.835697,15,S3_twin_shock,indonesia,USDC
323,0.7818893275043759,17171136586.339806,15,S3_twin_shock,indonesia,USDC
324,0.7877409276237093,16741858171.681309,15,S3_twin_shock,indonesia,USDC
325,0.7782040309564526,16323311717.389277,15,S3_twin_shock,indonesia,USDC
326,0.8064508658433119,15915228924.454544,15,S3_twin_shock,indonesia,USDC
327,0.8294598383892479,15517348201.343182,15,S3_twin_shock,indonesia,USDC
328,0.8097480875851943,15129414496.3096,15,S3_twin_shock,indonesia,USDC
329,0.8076985979478729,14751179133.901863,15,S3_twin_shock,indonesia,USDC
330,0.8213636193718743,14382399655.554314,15,S3_twin_shock,indonesia,USDC
331,0.8357356544333578,14022839664.165455,15,S3_twin_shock,indonesia,USDC
332,0.8256836319849632,13672268672.561321,15,S3_twin_shock,indonesia,USDC
333,0.8226490541775628,13330461955.747286,15,S3_twin_shock,indonesia,USDC
334,0.8260177732764015,12997200406.853603,15,S3_twin_shock,indonesia,USDC
335,0.8163450176786727,12672270396.682264,15,S3_twin_shock,indonesia,USDC
336,0.8039841945999299,12355463636.765207,15,S3_twin_shock,indonesia,USDC
337,0.790869651585973,12046577045.846077,15,S3_twin_shock,indonesia,USDC
338,0.7888345149736818,11745412619.699926,15,S3_twin_shock,indonesia,USDC
339,0.798950812353513,11451777304.207428,15,S3_twin_shock,indonesia,USDC
340,0.7940665488349459,11165482871.602242,15,S3_twin_shock,indonesia,USDC
341,0.8082477431577614,10886345799.812187,15,S3_twin_shock,indonesia,USDC
342,0.8280354274950558,10614187154.816883,15,S3_twin_shock,indonesia,USDC
343,0.8139296373850597,10348832475.94646,15,S3_twin_shock,indonesia,USDC
344,0.8319833502384328,10090111664.047798,15,S3_twin_shock,indonesia,USDC
345,0.8379170469920829,9837858872.446604,15,S3_twin_shock,indonesia,USDC
346,0.8209502783063064,9591912400.635439,15,S3_twin_shock,indonesia,USDC
347,0.8110304989214628,9352114590.619553,15,S3_twin_shock,indonesia,USDC
348,0.825873777258303,9118311725.854063,15,S3_twin_shock,indonesia,USDC
349,0.836944348823848,8890353932.707712,15,S3_twin_shock,indonesia,USDC
350,0.8300649302860243,8668095084.390018,15,S3_twin_shock,indonesia,USDC
351,0.8043864487025568,8451392707.28027,15,S3_twin_shock,indonesia,USDC
352,0.8089076542555496,8240107889.598263,15,S3_twin_shock,indonesia,USDC
353,0.8153127017989089,8034105192.358305,15,S3_twin_shock,indonesia,USDC
354,0.7954845471911661,7833252562.549349,15,S3_twin_shock,indonesia,USDC
355,0.7949427955452613,7637421248.485615,15,S3_twin_shock,indonesia,USDC
356,0.7797491493680521,7446485717.273474,15,S3_twin_shock,indonesia,USDC
357,0.7685686208492182,7260323574.341637,15,S3_twin_shock,indonesia,USDC
358,0.7985509466068672,7078815484.983097,15,S3_twin_shock,indonesia,USDC
359,0.788852912340408,6901845097.8585205,15,S3_twin_shock,indonesia,USDC
360,0.8047671282996953,6729298970.412057,15,S3_twin_shock,indonesia,USDC
361,0.8169444294479188,6561066496.151756,15,S3_twin_shock,indonesia,USDC
362,0.8294464810596287,6397039833.747962,15,S3_twin_shock,indonesia,USDC
363,0.8139511770536056,6237113837.9042635,15,S3_twin_shock,indonesia,USDC
364,0.8138868629152783,6081185991.956656,15,S3_twin_shock,indonesia,USDC
365,0.7981955497719634,5929156342.15774,15,S3_twin_shock,indonesia,USDC
366,0.7919879415517938,5780927433.603796,15,S3_twin_shock,indonesia,USDC
367,0.7886009190347066,5636404247.763701,15,S3_twin_shock,indonesia,USDC
368,0.7838720341083634,5495494141.569609,15,S3_twin_shock,indonesia,USDC
369,0.773786141772014,5358106788.030369,15,S3_twin_shock,indonesia,USDC
370,0.7619991592566698,5224154118.329609,15,S3_twin_shock,indonesia,USDC
371,0.7507572585376536,5093550265.371369,15,S3_twin_shock,indonesia,USDC
372,0.7418754710648348,4966211508.737085,15,S3_twin_shock,indonesia,USDC
373,0.740709457288968,4842056221.018658,15,S3_twin_shock,indonesia,USDC
374,0.7643457450687638,4721004815.493192,15,S3_twin_shock,indonesia,USDC
375,0.7434936492410825,4602979695.105862,15,S3_twin_shock,indonesia,USDC
376,0.7568419842259007,4487905202.728215,15,S3_twin_shock,indonesia,USDC
377,0.7512022528594585,4375707572.660009,15,S3_twin_shock,indonesia,USDC
378,0.7830681479173275,4266314883.34351,15,S3_twin_shock,indonesia,USDC
379,0.7740999864541488,4159657011.259922,15,S3_twin_shock,indonesia,USDC
380,0.7895734864553468,4055665585.978424,15,S3_twin_shock,indonesia,USDC
381,0.7856883703533187,3954273946.3289633,15,S3_twin_shock,indonesia,USDC
382,0.8096903360569572,3855417097.670739,15,S3_twin_shock,indonesia,USDC
383,0.8035740277732506,3759031670.228971,15,S3_twin_shock,indonesia,USDC
384,0.8139251316445886,3665055878.473247,15,S3_twin_shock,indonesia,USDC
385,0.8087537864647613,3573429481.5114155,15,S3_twin_shock,indonesia,USDC
386,0.8006027413029985,3484093744.4736304,15,S3_twin_shock,indonesia,USDC
387,0.7984368103798694,3396991400.8617897,15,S3_twin_shock,indonesia,USDC
388,0.8131245648484372,3312066615.8402452,15,S3_twin_shock,indonesia,USDC
389,0.7946408078228857,3229264950.444239,15,S3_twin_shock,indonesia,USDC
390,0.7963459044914584,3148533326.683133,15,S3_twin_shock,indonesia,USDC
391,0.7748400221592099,3069819993.5160546,15,S3_twin_shock,indonesia,USDC
392,0.7765075384974803,2993074493.678153,15,S3_twin_shock,indonesia,USDC
393,0.7747915372413113,2918247631.3361993,15,S3_twin_shock,indonesia,USDC
394,0.7612965016603706,2845291440.5527945,15,S3_twin_shock,indonesia,USDC
395,0.7898954706322069,2774159154.538975,15,S3_twin_shock,indonesia,USDC
396,0.7317447752559124,2704805175.6755,15,S3_twin_shock,indonesia,USDC
397,0.7371974129704206,2637185046.2836127,15,S3_twin_shock,indonesia,USDC
398,0.74110489744276,2571255420.126522,15,S3_twin_shock,indonesia,USDC
399,0.7553947320411624,2506974034.623359,15,S3_twin_shock,indonesia,USDC
400,0.7551984195734006,2444299683.7577753,15,S3_twin_shock,indonesia,USDC
401,0.7633582095624736,2383192191.6638308,15,S3_twin_shock,indonesia,USDC
402,0.7670659176466692,2323612386.872235,15,S3_twin_shock,indonesia,USDC
403,0.7295601747397735,2265522077.200429,15,S3_twin_shock,indonesia,USDC
404,0.7440124806092664,2208884025.2704186,15,S3_twin_shock,indonesia,USDC
405,0.7369778408781706,2153661924.638658,15,S3_twin_shock,indonesia,USDC
406,0.7450821370302247,2099820376.5226917,15,S3_twin_shock,indonesia,USDC
407,0.7600175670058494,2047324867.1096244,15,S3_twin_shock,indonesia,USDC
408,0.7663470180718376,1996141745.4318838,15,S3_twin_shock,indonesia,USDC
409,0.768171423685173,1946238201.7960868,15,S3_twin_shock,indonesia,USDC
410,0.7673991409147313,1897582246.7511847,15,S3_twin_shock,indonesia,USDC
411,0.7565468651212613,1850142690.5824049,15,S3_twin_shock,indonesia,USDC
412,0.7794469157475381,1803889123.3178446,15,S3_twin_shock,indonesia,USDC
413,0.785508805539601,1758791895.2348986,15,S3_twin_shock,indonesia,USDC
414,0.7792803820660102,1714822097.8540258,15,S3_twin_shock,indonesia,USDC
415,0.8010287848213564,1671951545.4076753,15,S3_twin_shock,indonesia,USDC
416,0.7976659169199323,1630152756.7724833,15,S3_twin_shock,indonesia,USDC
417,0.7633955369784837,1589398937.8531713,15,S3_twin_shock,indonesia,USDC
418,0.7495601627594941,1549663964.406842,15,S3_twin_shock,indonesia,USDC
419,0.77169028558027,1510922365.296671,15,S3_twin_shock,indonesia,USDC
420,0.7835975289201429,1473149306.1642542,15,S3_twin_shock,indonesia,USDC
421,0.8073234956974225,1436320573.510148,15,S3_twin_shock,indonesia,USDC
422,0.8295930849835731,1400412559.1723943,15,S3_twin_shock,indonesia,USDC
423,0.8249187391343209,1365402245.1930842,15,S3_twin_shock,indonesia,USDC
424,0.8172847527738167,1331267189.0632572,15,S3_twin_shock,indonesia,USDC
425,0.8259902666661653,1297985509.336676,15,S3_twin_shock,indonesia,USDC
426,0.8115562604737109,1265535871.603259,15,S3_twin_shock,indonesia,USDC
427,0.7918371980542832,1233897474.8131773,15,S3_twin_shock,indonesia,USDC
428,0.8047596572852452,1203050037.942848,15,S3_twin_shock,indonesia,USDC
429,0.794461080365389,1172973786.9942768,15,S3_twin_shock,indonesia,USDC
430,0.787457497369291,1143649442.3194199,15,S3_twin_shock,indonesia,USDC
431,0.8009740670234282,1115058206.2614343,15,S3_twin_shock,indonesia,USDC
432,0.7913120817826595,1087181751.1048985,15,S3_twin_shock,indonesia,USDC
433,0.801840340816521,1060002207.3272761,15,S3_twin_shock,indonesia,USDC
434,0.7857704755465075,1033502152.1440942,15,S3_twin_shock,indonesia,USDC
435,0.8013161835064488,1007664598.3404918,15,S3_twin_shock,indonesia,USDC
436,0.7864313495911496,982472983.3819795,15,S3_twin_shock,indonesia,USDC
437,0.7994127069246071,957911158.79743,15,S3_twin_shock,indonesia,USDC
438,0.7584853108949375,933963379.8274943,15,S3_twin_shock,indonesia,USDC
439,0.7522186597554464,910614295.3318069,15,S3_twin_shock,indonesia,USDC
440,0.7483769745497092,887848937.9485117,15,S3_twin_shock,indonesia,USDC
441,0.7406931532040653,865652714.4997988,15,S3_twin_shock,indonesia,USDC
442,0.742948983679083,844011396.6373038,15,S3_twin_shock,indonesia,USDC
443,0.7481559701217559,822911111.7213713,15,S3_twin_shock,indonesia,USDC
444,0.7415917467222699,802338333.9283371,15,S3_twin_shock,indonesia,USDC
445,0.7580508200308813,782279875.5801287,15,S3_twin_shock,indonesia,USDC
446,0.7631696329800824,762722878.6906254,15,S3_twin_shock,indonesia,USDC
447,0.7674966922778903,743654806.7233598,15,S3_twin_shock,indonesia,USDC
448,0.7613448421942753,725063436.5552758,15,S3_twin_shock,indonesia,USDC
449,0.7990333710047698,706936850.6413939,15,S3_twin_shock,indonesia,USDC
450,0.7907190402280881,689263429.375359,15,S3_twin_shock,indonesia,USDC
451,0.7904542197547704,672031843.640975,15,S3_twin_shock,indonesia,USDC
452,0.7773584754223982,655231047.5499506,15,S3_twin_shock,indonesia,USDC
453,0.7879249502532144,638850271.3612019,15,S3_twin_shock,indonesia,USDC
454,0.7977150541877204,622879014.5771718,15,S3_twin_shock,indonesia,USDC
455,0.7839737322880431,607307039.2127426,15,S3_twin_shock,indonesia,USDC
456,0.7815344675516268,592124363.232424,15,S3_twin_shock,indonesia,USDC
457,0.8035016047423019,577321254.1516135,15,S3_twin_shock,indonesia,USDC
458,0.8250519417801478,562888222.7978231,15,S3_twin_shock,indonesia,USDC
459,0.82511389081802,548816017.2278775,15,S3_twin_shock,indonesia,USDC
460,0.8167439610950956,535095616.7971806,15,S3_twin_shock,indonesia,USDC
461,0.8055080914942991,521718226.377251,15,S3_twin_shock,indonesia,USDC
462,0.8129131656229154,508675270.71781975,15,S3_twin_shock,indonesia,USDC
463,0.7850124967419896,495958388.9498742,15,S3_twin_shock,indonesia,USDC
464,0.7889385355894662,483559429.2261274,15,S3_twin_shock,indonesia,USDC
465,0.8086798233847022,471470443.4954742,15,S3_twin_shock,indonesia,USDC
466,0.8120950365072234,459683682.4080874,15,S3_twin_shock,indonesia,USDC
467,0.8214488985034917,448191590.34788525,15,S3_twin_shock,indonesia,USDC
468,0.8192552247603364,436986800.5891881,15,S3_twin_shock,indonesia,USDC
469,0.8092283356673247,426062130.5744584,15,S3_twin_shock,indonesia,USDC
470,0.8020095768236045,415410577.310097,15,S3_twin_shock,indonesia,USDC
471,0.795493090591753,405025312.8773445,15,S3_twin_shock,indonesia,USDC
472,0.7688480492916326,394899680.05541086,15,S3_twin_shock,indonesia,USDC
473,0.7871841959706405,385027188.05402565,15,S3_twin_shock,indonesia,USDC
474,0.7698821360821216,375401508.35267496,15,S3_twin_shock,indonesia,USDC
475,0.7570109001551146,366016470.64385813,15,S3_twin_shock,indonesia,USDC
476,0.7605372612371881,356866058.87776166,15,S3_twin_shock,indonesia,USDC
477,0.7804308875031842,347944407.4058176,15,S3_twin_shock,indonesia,USDC
478,0.7751730511188454,339245797.22067213,15,S3_twin_shock,indonesia,USDC
479,0.8032530715158768,330764652.2901554,15,S3_twin_shock,indonesia,USDC
480,0.8090152449808373,322495535.9829015,15,S3_twin_shock,indonesia,USDC
481,0.8200627313668142,314433147.58332896,15,S3_twin_shock,indonesia,USDC
482,0.8037272814205187,306572318.8937458,15,S3_twin_shock,indonesia,USDC
483,0.7434989086914968,298908010.9214021,15,S3_twin_shock,indonesia,USDC
484,0.7560163629219746,291435310.64836705,15,S3_twin_shock,indonesia,USDC
485,0.7451057858863523,284149427.88215786,15,S3_twin_shock,indonesia,USDC
486,0.7610338994733493,277045692.18510395,15,S3_twin_shock,indonesia,USDC
487,0.740147656788669,270119549.8804763,15,S3_twin_shock,indonesia,USDC
488,0.7529341328297299,263366561.1334644,15,S3_twin_shock,indonesia,USDC
489,0.757006178775286,256782397.10512778,15,S3_twin_shock,indonesia,USDC
490,0.7551568607573187,250362837.1774996,15,S3_twin_shock,indonesia,USDC
491,0.761266506032572,244103766.2480621,15,S3_twin_shock,indonesia,USDC
492,0.7699140243680418,238001172.09186053,15,S3_twin_shock,indonesia,USDC
493,0.7820933425020261,232051142.78956404,15,S3_twin_shock,indonesia,USDC
494,0.761289149386866,226249864.2198249,15,S3_twin_shock,indonesia,USDC
495,0.8010510393524115,220593617.6143293,15,S3_twin_shock,indonesia,USDC
496,0.7933469431565296,215078777.17397106,15,S3_twin_shock,indonesia,USDC
497,0.7674172655858155,209701807.7446218,15,S3_twin_shock,indonesia,USDC
498,0.7748040700883224,204459262.55100623,15,S3_twin_shock,indonesia,USDC
499,0.7971013939734309,199347780.98723108,15,S3_twin_shock,indonesia,USDC
500,0.8172137711515679,194364086.4625503,15,S3_twin_shock,indonesia,USDC
501,0.8021166408282308,189504984.30098656,15,S3_twin_shock,indonesia,USDC
502,0.7966573139067477,184767359.69346187,15,S3_twin_shock,indonesia,USDC
503,0.7713426417742157,180148175.70112532,15,S3_twin_shock,indonesia,USDC
504,0.7942527289789102,175644471.3085972,15,S3_twin_shock,indonesia,USDC
505,0.7806947452794347,171253359.52588224,15,S3_twin_shock,indonesia,USDC
506,0.8125626699997608,166972025.5377352,15,S3_twin_shock,indonesia,USDC
507,0.8428056734721538,162797724.8992918,15,S3_twin_shock,indonesia,USDC
508,0.854883325378897,158727781.7768095,15,S3_twin_shock,indonesia,USDC
509,0.8551638713233968,154759587.2323893,15,S3_twin_shock,indonesia,USDC
510,0.847411941167702,150890597.55157956,15,S3_twin_shock,indonesia,USDC
511,0.841221920060026,147118332.61279005,15,S3_twin_shock,indonesia,USDC
512,0.8320404349298549,143440374.2974703,15,S3_twin_shock,indonesia,USDC
513,0.8183985184318608,139854364.94003356,15,S3_twin_shock,indonesia,USDC
514,0.8115612442479674,136358005.81653273,15,S3_twin_shock,indonesia,USDC
515,0.812109435396902,132949055.67111942,15,S3_twin_shock,indonesia,USDC
516,0.8349018373375137,129625329.27934143,15,S3_twin_shock,indonesia,USDC
517,0.8123679241578174,126384696.04735789,15,S3_twin_shock,indonesia,USDC
518,0.8022239964498239,123225078.64617392,15,S3_twin_shock,indonesia,USDC
519,0.8247769815777916,120144451.68001959,15,S3_twin_shock,indonesia,USDC
520,0.8216615336749458,117140840.3880191,15,S3_twin_shock,indonesia,USDC
521,0.8351574208515262,114212319.37831861,15,S3_twin_shock,indonesia,USDC
522,0.8391073607343075,111357011.39386065,15,S3_twin_shock,indonesia,USDC
523,0.8294896541177654,108573086.10901412,15,S3_twin_shock,indonesia,USDC
524,0.8184435575666886,105858758.95628878,15,S3_twin_shock,indonesia,USDC
525,0.8003612307294162,103212289.98238155,15,S3_twin_shock,indonesia,USDC
526,0.810089287811459,100631982.73282203,15,S3_twin_shock,indonesia,USDC
527,0.8042221389782271,98116183.16450146,15,S3_twin_shock,indonesia,USDC
528,0.8068314854830546,95663278.58538893,15,S3_twin_shock,indonesia,USDC
529,0.8270024714001525,93271696.6207542,15,S3_twin_shock,indonesia,USDC
530,0.8028011718440733,90939904.20523535,15,S3_twin_shock,indonesia,USDC
531,0.8016383550771617,88666406.60010447,15,S3_twin_shock,indonesia,USDC
532,0.8015544447192687,86449746.43510185,15,S3_twin_shock,indonesia,USDC
533,0.7948068238869375,84288502.77422431,15,S3_twin_shock,indonesia,USDC
534,0.7780949749095671,82181290.2048687,15,S3_twin_shock,indonesia,USDC
535,0.774653012378432,80126757.949747,15,S3_twin_shock,indonesia,USDC
536,0.7595260685950908,78123589.00100331,15,S3_twin_shock,indonesia,USDC
537,0.7724961802791623,76170499.27597824,15,S3_twin_shock,indonesia,USDC
538,0.7816089819881179,74266236.79407877,15,S3_twin_shock,indonesia,USDC
539,0.7724577295899245,72409580.87422681,15,S3_twin_shock,indonesia,USDC
540,0.7559562225913399,70599341.35237114,15,S3_twin_shock,indonesia,USDC
541,0.741131248202548,68834357.81856187,15,S3_twin_shock,indonesia,USDC
542,0.7389758019623297,67113498.8730978,15,S3_twin_shock,indonesia,USDC
543,0.7465110007363001,65435661.401270375,15,S3_twin_shock,indonesia,USDC
544,0.7355825815007747,63799769.86623861,15,S3_twin_shock,indonesia,USDC
545,0.7382857273435903,62204775.619582646,15,S3_twin_shock,indonesia,USDC
546,0.7397811660831304,60649656.229093075,15,S3_twin_shock,indonesia,USDC
547,0.750962755687549,59133414.82336575,15,S3_twin_shock,indonesia,USDC
548,0.7508113068533918,57655079.4527816,15,S3_twin_shock,indonesia,USDC
549,0.7574349305409573,56213702.46646207,15,S3_twin_shock,indonesia,USDC
550,0.7620827349349809,54808359.90480051,15,S3_twin_shock,indonesia,USDC
551,0.7703715878448568,53438150.90718051,15,S3_twin_shock,indonesia,USDC
552,0.754023974047374,52102197.134500995,15,S3_twin_shock,indonesia,USDC
553,0.7583561344232169,50799642.20613847,15,S3_twin_shock,indonesia,USDC
554,0.7715166732792403,49529651.15098501,15,S3_twin_shock,indonesia,USDC
555,0.7599494095655415,48291409.87221038,15,S3_twin_shock,indonesia,USDC
556,0.7896953571568982,47084124.625405125,15,S3_twin_shock,indonesia,USDC
557,0.7901762849976993,45907021.50976999,15,S3_twin_shock,indonesia,USDC
558,0.7877718624874173,44759345.972025745,15,S3_twin_shock,indonesia,USDC
559,0.7700072375024191,43640362.3227251,15,S3_twin_shock,indonesia,USDC
560,0.7545050616043303,42549353.264656976,15,S3_twin_shock,indonesia,USDC
561,0.7490093975701977,41485619.433040544,15,S3_twin_shock,indonesia,USDC
562,0.7628213809778149,40448478.94721453,15,S3_twin_shock,indonesia,USDC
563,0.75345558363221,39437266.97353417,15,S3_twin_shock,indonesia,USDC
564,0.7558876002049734,38451335.29919581,15,S3_twin_shock,indonesia,USDC
565,0.7416835765139433,37490051.91671592,15,S3_twin_shock,indonesia,USDC
566,0.7594205344395145,36552800.618798025,15,S3_twin_shock,indonesia,USDC
567,0.7654154435420554,35638980.60332807,15,S3_twin_shock,indonesia,USDC
568,0.7715445285167676,34748006.08824487,15,S3_twin_shock,indonesia,USDC
569,0.7854868621037107,33879305.93603875,15,S3_twin_shock,indonesia,USDC
570,0.7759485629856396,33032323.287637778,15,S3_twin_shock,indonesia,USDC
571,0.7833534586690476,32206515.205446832,15,S3_twin_shock,indonesia,USDC
572,0.7783786241553172,31401352.325310662,15,S3_twin_shock,indonesia,USDC
573,0.7999791752408663,30616318.517177895,15,S3_twin_shock,indonesia,USDC
574,0.8221848778470997,29850910.554248445,15,S3_twin_shock,indonesia,USDC
575,0.8342374144553718,29104637.790392235,15,S3_twin_shock,indonesia,USDC
576,0.8268842661043649,28377021.845632426,15,S3_twin_shock,indonesia,USDC
577,0.8002899687368275,27667596.29949162,15,S3_twin_shock,indonesia,USDC
578,0.746343889908375,26975906.392004333,15,S3_twin_shock,indonesia,USDC
579,0.7538992038835659,26301508.73220423,15,S3_twin_shock,indonesia,USDC
580,0.7381605009096626,25643971.013899118,15,S3_twin_shock,indonesia,USDC
581,0.7731709327120286,25002871.738551643,15,S3_twin_shock,indonesia,USDC
582,0.7667837222721393,24377799.94508785,15,S3_twin_shock,indonesia,USDC
583,0.7668334628878885,23768354.946460653,15,S3_twin_shock,indonesia,USDC
584,0.7755693487970872,23174146.07279914,15,S3_twin_shock,indonesia,USDC
585,0.7754031126675808,22594792.42097916,15,S3_twin_shock,indonesia,USDC
586,0.7608165168950918,22029922.61045468,15,S3_twin_shock,indonesia,USDC
587,0.7694791910228264,21479174.545193315,15,S3_twin_shock,indonesia,USDC
588,0.7814153178259059,20942195.18156348,15,S3_twin_shock,indonesia,USDC
589,0.7538120495738021,20418640.30202439,15,S3_twin_shock,indonesia,USDC
590,0.7732291904472325,19908174.294473782,15,S3_twin_shock,indonesia,USDC
591,0.7607575426260222,19410469.937111937,15,S3_twin_shock,indonesia,USDC
592,0.7808864314080902,18925208.18868414,15,S3_twin_shock,indonesia,USDC
593,0.7849608794276446,18452077.983967036,15,S3_twin_shock,indonesia,USDC
594,0.7862467530602893,17990776.03436786,15,S3_twin_shock,indonesia,USDC
595,0.7804633664332002,17541006.633508664,15,S3_twin_shock,indonesia,USDC
596,0.7650062409825897,17102481.467670947,15,S3_twin_shock,indonesia,USDC
597,0.7732693179426144,16674919.430979174,15,S3_twin_shock,indonesia,USDC
598,0.7852050718135782,16258046.445204692,15,S3_twin_shock,indonesia,USDC
599,0.7651388647727831,15851595.284074577,15,S3_twin_shock,indonesia,USDC
600,0.7706967700706719,15455305.40197271,15,S3_twin_shock,indonesia,USDC
601,0.7709808005523575,15068922.766923394,15,S3_twin_shock,indonesia,USDC
602,0.7659837354233633,14692199.697750308,15,S3_twin_shock,indonesia,USDC
603,0.7923182329513487,14324894.705306552,15,S3_twin_shock,indonesia,USDC
604,0.7703080604754056,13966772.337673888,15,S3_twin_shock,indonesia,USDC
605,0.7971737230561262,13617603.02923204,15,S3_twin_shock,indonesia,USDC
606,0.7790258393398066,13277162.95350124,15,S3_twin_shock,indonesia,USDC
607,0.7796522188967991,12945233.879663708,15,S3_twin_shock,indonesia,USDC
608,0.7875139770319419,12621603.032672115,15,S3_twin_shock,indonesia,USDC
609,0.8242386464384871,12306062.956855312,15,S3_twin_shock,indonesia,USDC
610,0.8467093173258003,11998411.38293393,15,S3_twin_shock,indonesia,USDC
611,0.831863265284782,11698451.098360583,15,S3_twin_shock,indonesia,USDC
612,0.836218008502607,11405989.820901567,15,S3_twin_shock,indonesia,USDC
613,0.8289329281726091,11120840.075379029,15,S3_twin_shock,indonesia,USDC
614,0.8107921946863644,10842819.073494554,15,S3_twin_shock,indonesia,USDC
615,0.8154077669283488,10571748.596657189,15,S3_twin_shock,indonesia,USDC
616,0.7955602627546878,10307454.881740758,15,S3_twin_shock,indonesia,USDC
617,0.808628765628264,10049768.509697238,15,S3_twin_shock,indonesia,USDC
618,0.7875596114131326,9798524.296954807,15,S3_twin_shock,indonesia,USDC
619,0.8080824744509087,9553561.189530939,15,S3_twin_shock,indonesia,USDC
620,0.7999982209718466,9314722.159792665,15,S3_twin_shock,indonesia,USDC
621,0.7857456998084982,9081854.105797848,15,S3_twin_shock,indonesia,USDC
622,0.7933448247596537,8854807.753152903,15,S3_twin_shock,indonesia,USDC
623,0.8073438186497908,8633437.559324078,15,S3_twin_shock,indonesia,USDC
624,0.7959067036447643,8417601.620340977,15,S3_twin_shock,indonesia,USDC
625,0.7994119149277485,8207161.579832453,15,S3_twin_shock,indonesia,USDC
626,0.7850209533656134,8001982.540336642,15,S3_twin_shock,indonesia,USDC
627,0.7865499667977615,7801932.976828227,15,S3_twin_shock,indonesia,USDC
628,0.8032427981498304,7606884.65240752,15,S3_twin_shock,indonesia,USDC
629,0.7872947938640767,7416712.536097333,15,S3_twin_shock,indonesia,USDC
630,0.7797386466507918,7231294.722694899,15,S3_twin_shock,indonesia,USDC
631,0.7781122575879651,7050512.354627526,15,S3_twin_shock,indonesia,USDC
632,0.773071915913957,6874249.545761839,15,S3_twin_shock,indonesia,USDC
633,0.7763490264898094,6702393.307117792,15,S3_twin_shock,indonesia,USDC
634,0.7587855021457265,6534833.474439848,15,S3_twin_shock,indonesia,USDC
635,0.7618836561193738,6371462.6375788525,15,S3_twin_shock,indonesia,USDC
636,0.733903755157578,6212176.0716393795,15,S3_twin_shock,indonesia,USDC
637,0.7349446832842578,6056871.6698483955,15,S3_twin_shock,indonesia,USDC
638,0.7481683131805225,5905449.878102186,15,S3_twin_shock,indonesia,USDC
639,0.7558807219670798,5757813.631149632,15,S3_twin_shock,indonesia,USDC
640,0.761459902647243,5613868.290370891,15,S3_twin_shock,indonesia,USDC
641,0.7490949530699108,5473521.583111618,15,S3_twin_shock,indonesia,USDC
642,0.7605345689574349,5336683.543533828,15,S3_twin_shock,indonesia,USDC
643,0.7474585405513422,5203266.454945482,15,S3_twin_shock,indonesia,USDC
644,0.7449670517569588,5073184.793571846,15,S3_twin_shock,indonesia,USDC
645,0.7477464292156537,4946355.173732549,15,S3_twin_shock,indonesia,USDC
646,0.7459224139464753,4822696.294389236,15,S3_twin_shock,indonesia,USDC
647,0.7554197763839057,4702128.887029504,15,S3_twin_shock,indonesia,USDC
648,0.7513753068097515,4584575.664853767,15,S3_twin_shock,indonesia,USDC
649,0.7613687644761366,4469961.273232423,15,S3_twin_shock,indonesia,USDC
650,0.7577551713183134,4358212.241401613,15,S3_twin_shock,indonesia,USDC
651,0.7491930383866674,4249256.935366572,15,S3_twin_shock,indonesia,USDC
652,0.7608282230152358,4143025.5119824074,15,S3_twin_shock,indonesia,USDC
653,0.7328170979911741,4039449.8741828473,15,S3_twin_shock,indonesia,USDC
654,0.7291584328607796,3938463.627328276,15,S3_twin_shock,indonesia,USDC
655,0.7287792471124003,3840002.0366450697,15,S3_twin_shock,indonesia,USDC
656,0.74479565480076,3744001.985728943,15,S3_twin_shock,indonesia,USDC
657,0.7458723860272795,3650401.936085719,15,S3_twin_shock,indonesia,USDC
658,0.7543736253636231,3559141.887683576,15,S3_twin_shock,indonesia,USDC
659,0.7627637127380107,3470163.3404914867,15,S3_twin_shock,indonesia,USDC
660,0.7438489717187657,3383409.256979199,15,S3_twin_shock,indonesia,USDC
661,0.7482876998091005,3298824.0255547194,15,S3_twin_shock,indonesia,USDC
662,0.7467819861010606,3216353.4249158516,15,S3_twin_shock,indonesia,USDC
663,0.7621024695743217,3135944.5892929556,15,S3_twin_shock,indonesia,USDC
664,0.7610561483310845,3057545.9745606314,15,S3_twin_shock,indonesia,USDC
665,0.7461052246636489,2981107.325196616,15,S3_twin_shock,indonesia,USDC
666,0.7543843210615215,2906579.6420667004,15,S3_twin_shock,indonesia,USDC
667,0.7434744891541495,2833915.151015033,15,S3_twin_shock,indonesia,USDC
668,0.7475533624047113,2763067.272239657,15,S3_twin_shock,indonesia,USDC
669,0.7540432539630337,2693990.5904336656,15,S3_twin_shock,indonesia,USDC
670,0.7706205116254228,2626640.8256728244,15,S3_twin_shock,indonesia,USDC
671,0.7593469149975725,2560974.8050310034,15,S3_twin_shock,indonesia,USDC
672,0.7627733832946793,2496950.434905228,15,S3_twin_shock,indonesia,USDC
673,0.7633194754004253,2434526.674032598,15,S3_twin_shock,indonesia,USDC
674,0.7537762668315113,2373663.5071817827,15,S3_twin_shock,indonesia,USDC
675,0.7778761064136072,2314321.919502238,15,S3_twin_shock,indonesia,USDC
676,0.7683418360717255,2256463.871514682,15,S3_twin_shock,indonesia,USDC
677,0.7538501473290241,2200052.274726815,15,S3_twin_shock,indonesia,USDC
678,0.7571916222094192,2145050.9678586447,15,S3_twin_shock,indonesia,USDC
679,0.7631739215106174,2091424.6936621782,15,S3_twin_shock,indonesia,USDC
680,0.7703828273162286,2039139.076320624,15,S3_twin_shock,indonesia,USDC
681,0.7673033246002878,1988160.5994126084,15,S3_twin_shock,indonesia,USDC
682,0.7873889898636258,1938456.5844272934,15,S3_twin_shock,indonesia,USDC
683,0.7596441009378742,1889995.1698166109,15,S3_twin_shock,indonesia,USDC
684,0.7802066816681867,1842745.2905711955,15,S3_twin_shock,indonesia,USDC
685,0.7812266296144724,1796676.6583069155,15,S3_twin_shock,indonesia,USDC
686,0.7596934160730944,1751759.741849243,15,S3_twin_shock,indonesia,USDC
687,0.7422283360590469,1707965.7483030115,15,S3_twin_shock,indonesia,USDC
688,0.7610492871197103,1665266.6045954362,15,S3_twin_shock,indonesia,USDC
689,0.7912828812255439,1623634.9394805506,15,S3_twin_shock,indonesia,USDC
690,0.7957318068313874,1583044.0659935367,15,S3_twin_shock,indonesia,USDC
691,0.80267433104559,1543467.9643436982,15,S3_twin_shock,indonesia,USDC
692,0.813592848062763,1504881.2652351058,15,S3_twin_shock,indonesia,USDC
693,0.7775798815868769,1467259.2336042281,15,S3_twin_shock,indonesia,USDC
694,0.7829736989435737,1430577.7527641226,15,S3_twin_shock,indonesia,USDC
695,0.7789861495733192,1394813.3089450195,15,S3_twin_shock,indonesia,USDC
696,0.7758078292910445,1359942.9762213938,15,S3_twin_shock,indonesia,USDC
697,0.7772643165041787,1325944.4018158591,15,S3_twin_shock,indonesia,USDC
698,0.8041874852563843,1292795.7917704624,15,S3_twin_shock,indonesia,USDC
699,0.8174703008239942,1260475.8969762009,15,S3_twin_shock,indonesia,USDC
700,0.8035356252382215,1228963.999551796,15,S3_twin_shock,indonesia,USDC
701,0.8085013220477059,1198239.899563001,15,S3_twin_shock,indonesia,USDC
702,0.8181783292943838,1168283.9020739258,15,S3_twin_shock,indonesia,USDC
703,0.8021545398363427,1139076.8045220778,15,S3_twin_shock,indonesia,USDC
704,0.8003509470141447,1110599.8844090258,15,S3_twin_shock,indonesia,USDC
705,0.8083862599880938,1082834.8872988,15,S3_twin_shock,indonesia,USDC
706,0.7761696767511779,1055764.0151163302,15,S3_twin_shock,indonesia,USDC
707,0.771791474987772,1029369.9147384219,15,S3_twin_shock,indonesia,USDC
708,0.7851406288655753,1003635.6668699614,15,S3_twin_shock,indonesia,USDC
709,0.8031691817252553,978544.7751982124,15,S3_twin_shock,indonesia,USDC
710,0.8157779001617501,954081.155818257,15,S3_twin_shock,indonesia,USDC
711,0.8297225536403908,930229.1269228007,15,S3_twin_shock,indonesia,USDC
712,0.8554126285103405,906973.3987497305,15,S3_twin_shock,indonesia,USDC
713,0.8351858512483831,884299.0637809874,15,S3_twin_shock,indonesia,USDC
714,0.8246020728489456,862191.5871864627,15,S3_twin_shock,indonesia,USDC
715,0.8111963294474785,840636.7975068011,15,S3_twin_shock,indonesia,USDC
716,0.7907355294123548,819620.877569131,15,S3_twin_shock,indonesia,USDC
717,0.7771639372175929,799130.3556299028,15,S3_twin_shock,indonesia,USDC
718,0.7956892803771254,779152.0967391552,15,S3_twin_shock,indonesia,USDC
719,0.7890266908137915,759673.2943206764,15,S3_twin_shock,indonesia,USDC
720,0.7963519935480919,740681.4619626594,15,S3_twin_shock,indonesia,USDC
721,0.78955697728139,722164.425413593,15,S3_twin_shock,indonesia,USDC
722,0.7796297965407761,704110.3147782531,15,S3_twin_shock,indonesia,USDC
723,0.766874900161769,686507.5569087968,15,S3_twin_shock,indonesia,USDC
724,0.763641039357093,669344.867986077,15,S3_twin_shock,indonesia,USDC
725,0.7592044273902097,652611.246286425,15,S3_twin_shock,indonesia,USDC
726,0.759526455643261,636295.9651292644,15,S3_twin_shock,indonesia,USDC
727,0.7870969307612523,620388.5660010327,15,S3_twin_shock,indonesia,USDC
728,0.7663856442373579,604878.851851007,15,S3_twin_shock,indonesia,USDC
729,0.7714219747920597,589756.8805547317,15,S3_twin_shock,indonesia,USDC
730,0.7836213862196832,575012.9585408635,15,S3_twin_shock,indonesia,USDC
731,0.7549767462216443,560637.6345773418,15,S3_twin_shock,indonesia,USDC
732,0.7475719182945612,546621.6937129083,15,S3_twin_shock,indonesia,USDC
733,0.7527920498057133,532956.1513700855,15,S3_twin_shock,indonesia,USDC
734,0.7473247984882134,519632.2475858335,15,S3_twin_shock,indonesia,USDC
735,0.7399724573872288,506641.44139618764,15,S3_twin_shock,indonesia,USDC
736,0.7461838317811276,493975.405361283,15,S3_twin_shock,indonesia,USDC
737,0.7352229917961255,481626.02022725093,15,S3_twin_shock,indonesia,USDC
738,0.7355147718829772,469585.3697215696,15,S3_twin_shock,indonesia,USDC
739,0.7491210845105657,457845.73547853035,15,S3_twin_shock,indonesia,USDC
740,0.7295288940328399,446399.5920915671,15,S3_twin_shock,indonesia,USDC
741,0.7252904116997035,435239.60228927794,15,S3_twin_shock,indonesia,USDC
742,0.7547619569740426,424358.61223204597,15,S3_twin_shock,indonesia,USDC
743,0.7579561401441324,413749.64692624484,15,S3_twin_shock,indonesia,USDC
744,0.7544044540921266,403405.90575308865,15,S3_twin_shock,indonesia,USDC
745,0.7705421806282177,393320.75810926146,15,S3_twin_shock,indonesia,USDC
746,0.7542578031933381,383487.73915652995,15,S3_twin_shock,indonesia,USDC
747,0.7616802980200089,373900.54567761667,15,S3_twin_shock,indonesia,USDC
748,0.7706568432597094,364553.0320356763,15,S3_twin_shock,indonesia,USDC
749,0.7794755246457156,355439.20623478433,15,S3_twin_shock,indonesia,USDC
750,0.8147931816475006,346553.2260789147,15,S3_twin_shock,indonesia,USDC
751,0.8197145751693944,337889.39542694186,15,S3_twin_shock,indonesia,USDC
752,0.8063740844049591,329442.1605412683,15,S3_twin_shock,indonesia,USDC
753,0.7865315626032461,321206.1065277366,15,S3_twin_shock,indonesia,USDC
754,0.7825020696999336,313175.9538645432,15,S3_twin_shock,indonesia,USDC
755,0.7856014919928959,305346.5550179296,15,S3_twin_shock,indonesia,USDC
756,0.7419361399485717,297712.89114248136,15,S3_twin_shock,indonesia,USDC
757,0.7595117491778773,290270.0688639193,15,S3_twin_shock,indonesia,USDC
758,0.7505340090942214,283013.31714232126,15,S3_twin_shock,indonesia,USDC
759,0.7378295621397454,275937.98421376327,15,S3_twin_shock,indonesia,USDC
760,0.7687968895212808,269039.5346084192,15,S3_twin_shock,indonesia,USDC
761,0.7641510031578219,262313.5462432087,15,S3_twin_shock,indonesia,USDC
762,0.774081593603124,255755.7075871285,15,S3_twin_shock,indonesia,USDC
763,0.7905668911753013,249361.81489745027,15,S3_twin_shock,indonesia,USDC
764,0.7820006632459774,243127.76952501404,15,S3_twin_shock,indonesia,USDC
765,0.7895017065234335,237049.57528688863,15,S3_twin_shock,indonesia,USDC
766,0.7994730432855013,231123.33590471646,15,S3_twin_shock,indonesia,USDC
767,0.8124731551788407,225345.25250709854,15,S3_twin_shock,indonesia,USDC
768,0.8031664411560472,219711.62119442102,15,S3_twin_shock,indonesia,USDC
769,0.8171998295912726,214218.83066456055,15,S3_twin_shock,indonesia,USDC
770,0.8084955101085982,208863.3598979465,15,S3_twin_shock,indonesia,USDC
771,0.8074006678762007,203641.77590049783,15,S3_twin_shock,indonesia,USDC
772,0.8147238555773225,198550.7315029854,15,S3_twin_shock,indonesia,USDC
773,0.816583965734658,193586.96321541077,15,S3_twin_shock,indonesia,USDC
774,0.8213101127260523,188747.2891350255,15,S3_twin_shock,indonesia,USDC
775,0.8292028072862473,184028.60690664986,15,S3_twin_shock,indonesia,USDC
776,0.8193202634366343,179427.8917339836,15,S3_twin_shock,indonesia,USDC
777,0.8424822745087305,174942.19444063402,15,S3_twin_shock,indonesia,USDC
778,0.827866341550314,170568.63957961818,15,S3_twin_shock,indonesia,USDC
779,0.8336455812912353,166304.42359012773,15,S3_twin_shock,indonesia,USDC
780,0.8463960837360707,162146.81300037453,15,S3_twin_shock,indonesia,USDC
781,0.8210135463085597,158093.14267536515,15,S3_twin_shock,indonesia,USDC
782,0.8419237537770555,154140.81410848102,15,S3_twin_shock,indonesia,USDC
783,0.8501967727851777,150287.293755769,15,S3_twin_shock,indonesia,USDC
784,0.8589750631190629,146530.11141187476,15,S3_twin_shock,indonesia,USDC
785,0.8505722563725931,142866.85862657792,15,S3_twin_shock,indonesia,USDC
786,0.8354389513873418,139295.18716091348,15,S3_twin_shock,indonesia,USDC
787,0.8361847663300632,135812.80748189063,15,S3_twin_shock,indonesia,USDC
788,0.8452681370678174,132417.48729484336,15,S3_twin_shock,indonesia,USDC
789,0.8291492152539004,129107.0501124723,15,S3_twin_shock,indonesia,USDC
790,0.8486647489254129,125879.37385966047,15,S3_twin_shock,indonesia,USDC
791,0.8140653065637988,122732.38951316895,15,S3_twin_shock,indonesia,USDC
792,0.8095879567977634,119664.07977533972,15,S3_twin_shock,indonesia,USDC
793,0.7993218803745226,116672.47778095622,15,S3_twin_shock,indonesia,USDC
794,0.8103724446658415,113755.66583643234,15,S3_twin_shock,indonesia,USDC
795,0.8139048100763191,110911.77419052151,15,S3_twin_shock,indonesia,USDC
796,0.7983764811920585,108138.97983575848,15,S3_twin_shock,indonesia,USDC
797,0.7994221843587278,105435.50533986451,15,S3_twin_shock,indonesia,USDC
798,0.8286042153834647,102799.61770636789,15,S3_twin_shock,indonesia,USDC
799,0.8067302220724799,100229.6272637087,15,S3_twin_shock,indonesia,USDC
800,0.8265387556910678,97723.88658211599,15,S3_twin_shock,indonesia,USDC
801,0.811586211727739,95280.78941756308,15,S3_twin_shock,indonesia,USDC
802,0.8064734140320206,92898.769682124,15,S3_twin_shock,indonesia,USDC
803,0.8167708186641723,90576.30044007089,15,S3_twin_shock,indonesia,USDC
804,0.8263954516428776,88311.89292906912,15,S3_twin_shock,indonesia,USDC
805,0.8375097022859981,86104.09560584239,15,S3_twin_shock,indonesia,USDC
806,0.8502891363785773,83951.49321569633,15,S3_twin_shock,indonesia,USDC
807,0.8156925531442948,81852.70588530392,15,S3_twin_shock,indonesia,USDC
808,0.6795477133053119,79806.38823817132,15,S3_twin_shock,indonesia,USDC
809,0.7013354338318453,77811.22853221704,15,S3_twin_shock,indonesia,USDC
810,0.7050182471272469,75865.9478189116,15,S3_twin_shock,indonesia,USDC
811,0.713414399624995,73969.29912343882,15,S3_twin_shock,indonesia,USDC
812,0.7022277701235347,72120.06664535284,15,S3_twin_shock,indonesia,USDC
813,0.7122588592123559,70317.06497921902,15,S3_twin_shock,indonesia,USDC
814,0.7087403558941576,68559.13835473855,15,S3_twin_shock,indonesia,USDC
815,0.7407930997731876,66845.15989587009,15,S3_twin_shock,indonesia,USDC
816,0.7455488995508609,65174.03089847334,15,S3_twin_shock,indonesia,USDC
817,0.7803902610762745,63544.6801260115,15,S3_twin_shock,indonesia,USDC
818,0.7635330831389389,61956.06312286122,15,S3_twin_shock,indonesia,USDC
819,0.7557418672990273,60407.161544789684,15,S3_twin_shock,indonesia,USDC
820,0.7396716385714612,58896.98250616994,15,S3_twin_shock,indonesia,USDC
821,0.7531596836956851,57424.5579435157,15,S3_twin_shock,indonesia,USDC
822,0.7892432981535794,55988.9439949278,15,S3_twin_shock,indonesia,USDC
823,0.8134605239882889,54589.22039505461,15,S3_twin_shock,indonesia,USDC
824,0.8216788015494974,53224.48988517825,15,S3_twin_shock,indonesia,USDC
825,0.7952361911305615,51893.87763804878,15,S3_twin_shock,indonesia,USDC
826,0.8030607883142213,50596.530697097565,15,S3_twin_shock,indonesia,USDC
827,0.8163726422904226,49331.61742967013,15,S3_twin_shock,indonesia,USDC
828,0.8212580052699102,48098.32699392838,15,S3_twin_shock,indonesia,USDC
829,0.8276621051986989,46895.86881908016,15,S3_twin_shock,indonesia,USDC
830,0.8087282318250882,45723.47209860316,15,S3_twin_shock,indonesia,USDC
831,0.8078114610217897,44580.38529613808,15,S3_twin_shock,indonesia,USDC
832,0.7584111818225934,43465.87566373463,15,S3_twin_shock,indonesia,USDC
833,0.7361793515458545,42379.228772141265,15,S3_twin_shock,indonesia,USDC
834,0.7340536648856949,41319.748052837735,15,S3_twin_shock,indonesia,USDC
835,0.7310010990640432,40286.75435151679,15,S3_twin_shock,indonesia,USDC
836,0.7427888974876999,39279.58549272887,15,S3_twin_shock,indonesia,USDC
837,0.7585613618801995,38297.59585541065,15,S3_twin_shock,indonesia,USDC
838,0.7661978685039356,37340.15595902539,15,S3_twin_shock,indonesia,USDC
839,0.7525001923145966,36406.652060049746,15,S3_twin_shock,indonesia,USDC
840,0.7157139506724427,35496.48575854851,15,S3_twin_shock,indonesia,USDC
841,0.73284698998027,34609.07361458479,15,S3_twin_shock,indonesia,USDC
842,0.747925355608158,33743.846774220176,15,S3_twin_shock,indonesia,USDC
843,0.7353004924701247,32900.25060486467,15,S3_twin_shock,indonesia,USDC
844,0.7626588729445433,32077.744339743054,15,S3_twin_shock,indonesia,USDC
845,0.7726858715236191,31275.80073124948,15,S3_twin_shock,indonesia,USDC
846,0.7680467027488279,30493.90571296824,15,S3_twin_shock,indonesia,USDC
847,0.7780829014518894,29731.558070144038,15,S3_twin_shock,indonesia,USDC
848,0.7812362046635624,28988.269118390435,15,S3_twin_shock,indonesia,USDC
849,0.7869938346337793,28263.562390430678,15,S3_twin_shock,indonesia,USDC
850,0.7832276186847398,27556.973330669905,15,S3_twin_shock,indonesia,USDC
851,0.7842049533057955,26868.04899740316,15,S3_twin_shock,indonesia,USDC
852,0.7876237408338943,26196.347772468078,15,S3_twin_shock,indonesia,USDC
853,0.787319031167703,25541.439078156378,15,S3_twin_shock,indonesia,USDC
854,0.7676355740906519,24902.90310120247,15,S3_twin_shock,indonesia,USDC
855,0.7862735877864258,24280.330523672408,15,S3_twin_shock,indonesia,USDC
856,0.7867612140980497,23673.3222605806,15,S3_twin_shock,indonesia,USDC
857,0.7675490893850295,23081.48920406608,15,S3_twin_shock,indonesia,USDC
858,0.7645731347550421,22504.45197396443,15,S3_twin_shock,indonesia,USDC
859,0.7497766495212246,21941.84067461532,15,S3_twin_shock,indonesia,USDC
860,0.769998218135096,21393.294657749935,15,S3_twin_shock,indonesia,USDC
861,0.7318415260525835,20858.462291306187,15,S3_twin_shock,indonesia,USDC
862,0.7448795372184092,20337.00073402353,15,S3_twin_shock,indonesia,USDC
863,0.7596205507597952,19828.575715672945,15,S3_twin_shock,indonesia,USDC
864,0.7823449653770943,19332.861322781122,15,S3_twin_shock,indonesia,USDC
865,0.7600714942885078,18849.539789711594,15,S3_twin_shock,indonesia,USDC
866,0.7733316466275709,18378.3012949688,15,S3_twin_shock,indonesia,USDC
867,0.7603052242418117,17918.84376259458,15,S3_twin_shock,indonesia,USDC
868,0.7559542313005606,17470.87266852972,15,S3_twin_shock,indonesia,USDC
869,0.7635778705239887,17034.100851816474,15,S3_twin_shock,indonesia,USDC
870,0.7689062199578122,16608.248330521063,15,S3_twin_shock,indonesia,USDC
871,0.7851241636798251,16193.042122258037,15,S3_twin_shock,indonesia,USDC
872,0.7794272262520342,15788.216069201586,15,S3_twin_shock,indonesia,USDC
873,0.7848552279912432,15393.510667471546,15,S3_twin_shock,indonesia,USDC
874,0.7613554642711476,15008.672900784757,15,S3_twin_shock,indonesia,USDC
875,0.7596829821026898,14633.456078265139,15,S3_twin_shock,indonesia,USDC
876,0.7784618209115467,14267.61967630851,15,S3_twin_shock,indonesia,USDC
877,0.7953315296506234,13910.929184400797,15,S3_twin_shock,indonesia,USDC
878,0.8009204114897344,13563.155954790778,15,S3_twin_shock,indonesia,USDC
879,0.8036216880619692,13224.077055921009,15,S3_twin_shock,indonesia,USDC
880,0.8016615926093418,12893.475129522983,15,S3_twin_shock,indonesia,USDC
881,0.7977703593796113,12571.13825128491,15,S3_twin_shock,indonesia,USDC
882,0.7892965195005414,12256.859795002787,15,S3_twin_shock,indonesia,USDC
883,0.7885112490594093,11950.438300127717,15,S3_twin_shock,indonesia,USDC
884,0.7793439667502534,11651.677342624524,15,S3_twin_shock,indonesia,USDC
885,0.7810861259827402,11360.38540905891,15,S3_twin_shock,indonesia,USDC
886,0.7911237609211945,11076.375773832438,15,S3_twin_shock,indonesia,USDC
887,0.7819161346377177,10799.466379486628,15,S3_twin_shock,indonesia,USDC
888,0.8076255513175545,10529.479719999463,15,S3_twin_shock,indonesia,USDC
889,0.7900636634541435,10266.242726999475,15,S3_twin_shock,indonesia,USDC
890,0.7960734050600611,10009.586658824488,15,S3_twin_shock,indonesia,USDC
891,0.8073499675118979,9759.346992353876,15,S3_twin_shock,indonesia,USDC
892,0.7960136298027223,9515.36331754503,15,S3_twin_shock,indonesia,USDC
893,0.8139013584032547,9277.479234606402,15,S3_twin_shock,indonesia,USDC
894,0.8159567643061802,9045.542253741243,15,S3_twin_shock,indonesia,USDC
895,0.8000225146967759,8819.403697397713,15,S3_twin_shock,indonesia,USDC
896,0.7783718992545845,8598.91860496277,15,S3_twin_shock,indonesia,USDC
897,0.7882854949363813,8383.945639838701,15,S3_twin_shock,indonesia,USDC
898,0.7899540728851726,8174.346998842732,15,S3_twin_shock,indonesia,USDC
899,0.8057753151383391,7969.988323871664,15,S3_twin_shock,indonesia,USDC
900,0.7946096554991241,7770.738615774873,15,S3_twin_shock,indonesia,USDC
901,0.8209473322168008,7576.470150380501,15,S3_twin_shock,indonesia,USDC
902,0.8161365658658614,7387.058396620989,15,S3_twin_shock,indonesia,USDC
903,0.8128180979145205,7202.381936705464,15,S3_twin_shock,indonesia,USDC
904,0.819049716752454,7022.322388287828,15,S3_twin_shock,indonesia,USDC
905,0.795867096542421,6846.764328580632,15,S3_twin_shock,indonesia,USDC
906,0.7851705610255134,6675.595220366116,15,S3_twin_shock,indonesia,USDC
907,0.7587525309016252,6508.705339856963,15,S3_twin_shock,indonesia,USDC
908,0.7233282417293361,6345.987706360539,15,S3_twin_shock,indonesia,USDC
909,0.7313374293749587,6187.338013701526,15,S3_twin_shock,indonesia,USDC
910,0.7490298977324734,6032.654563358988,15,S3_twin_shock,indonesia,USDC
911,0.7510648928723336,5881.838199275013,15,S3_twin_shock,indonesia,USDC
912,0.7656465465946363,5734.792244293138,15,S3_twin_shock,indonesia,USDC
913,0.7821644843721282,5591.422438185809,15,S3_twin_shock,indonesia,USDC
914,0.7770426613108067,5451.636877231163,15,S3_twin_shock,indonesia,USDC
915,0.7765908477299868,5315.345955300384,15,S3_twin_shock,indonesia,USDC
916,0.7583780974835405,5182.462306417875,15,S3_twin_shock,indonesia,USDC
917,0.7797221715446938,5052.900748757428,15,S3_twin_shock,indonesia,USDC
918,0.7874416409054992,4926.578230038493,15,S3_twin_shock,indonesia,USDC
919,0.7700229590848544,4803.41377428753,15,S3_twin_shock,indonesia,USDC
920,0.799583959022252,4683.328429930341,15,S3_twin_shock,indonesia,USDC
921,0.7584151423127218,4566.245219182083,15,S3_twin_shock,indonesia,USDC
922,0.789374072001785,4452.089088702532,15,S3_twin_shock,indonesia,USDC
923,0.7885285687702092,4340.7868614849685,15,S3_twin_shock,indonesia,USDC
924,0.7742209559513881,4232.267189947844,15,S3_twin_shock,indonesia,USDC
925,0.787753069665084,4126.460510199147,15,S3_twin_shock,indonesia,USDC
926,0.7979875574569025,4023.298997444169,15,S3_twin_shock,indonesia,USDC
927,0.8092094434535859,3922.7165225080653,15,S3_twin_shock,indonesia,USDC
928,0.7975497014144972,3824.648609445363,15,S3_twin_shock,indonesia,USDC
929,0.7736502643860247,3729.032394209229,15,S3_twin_shock,indonesia,USDC
930,0.781511948694088,3635.806584353998,15,S3_twin_shock,indonesia,USDC
931,0.7791385940062902,3544.911419745148,15,S3_twin_shock,indonesia,USDC
932,0.7810684703058021,3456.2886342515194,15,S3_twin_shock,indonesia,USDC
933,0.7727424247550584,3369.881418395232,15,S3_twin_shock,indonesia,USDC
934,0.7517148070608936,3285.634382935351,15,S3_twin_shock,indonesia,USDC
935,0.7658442924107011,3203.493523361967,15,S3_twin_shock,indonesia,USDC
936,0.7692099779497809,3123.4061852779178,15,S3_twin_shock,indonesia,USDC
937,0.7753440089749101,3045.32103064597,15,S3_twin_shock,indonesia,USDC
938,0.7944688340128642,2969.1880048798207,15,S3_twin_shock,indonesia,USDC
939,0.7889986099148308,2894.9583047578253,15,S3_twin_shock,indonesia,USDC
940,0.8008223419750322,2822.58434713888,15,S3_twin_shock,indonesia,USDC
941,0.8104062245739377,2752.0197384604076,15,S3_twin_shock,indonesia,USDC
942,0.8382551137870418,2683.2192449988975,15,S3_twin_shock,indonesia,USDC
943,0.823300501266267,2616.138763873925,15,S3_twin_shock,indonesia,USDC
944,0.8118620138591056,2550.735294777077,15,S3_twin_shock,indonesia,USDC
945,0.8131667780852779,2486.96691240765,15,S3_twin_shock,indonesia,USDC
946,0.8153184789114555,2424.792739597459,15,S3_twin_shock,indonesia,USDC
947,0.8179848352925241,2364.172921107522,15,S3_twin_shock,indonesia,USDC
948,0.8384456901344907,2305.068598079834,15,S3_twin_shock,indonesia,USDC
949,0.8458936207932962,2247.441883127838,15,S3_twin_shock,indonesia,USDC
950,0.8242485446482799,2191.2558360496423,15,S3_twin_shock,indonesia,USDC
951,0.8331926276640818,2136.4744401484013,15,S3_twin_shock,indonesia,USDC
952,0.8382297072094028,2083.062579144691,15,S3_twin_shock,indonesia,USDC
953,0.8390912682660802,2030.9860146660737,15,S3_twin_shock,indonesia,USDC
954,0.8425437145218169,1980.2113642994218,15,S3_twin_shock,indonesia,USDC
955,0.8551520711567342,1930.7060801919365,15,S3_twin_shock,indonesia,USDC
956,0.8607812992779956,1882.4384281871378,15,S3_twin_shock,indonesia,USDC
957,0.8344570454957777,1835.3774674824595,15,S3_twin_shock,indonesia,USDC
958,0.8309144066774679,1789.4930307953978,15,S3_twin_shock,indonesia,USDC
959,0.8013908747229885,1744.7557050255132,15,S3_twin_shock,indonesia,USDC
960,0.8164038460909707,1701.1368123998752,15,S3_twin_shock,indonesia,USDC
961,0.7971791582683897,1658.6083920898782,15,S3_twin_shock,indonesia,USDC
962,0.8158800500401516,1617.1431822876311,15,S3_twin_shock,indonesia,USDC
963,0.8177426243106743,1576.7146027304407,15,S3_twin_shock,indonesia,USDC
964,0.8365205012972811,1537.2967376621796,15,S3_twin_shock,indonesia,USDC
965,0.8338053795782814,1498.864319220625,15,S3_twin_shock,indonesia,USDC
966,0.8381504468812172,1461.3927112401093,15,S3_twin_shock,indonesia,USDC
967,0.8336417938877696,1424.8578934591067,15,S3_twin_shock,indonesia,USDC
968,0.8335294436198144,1389.2364461226289,15,S3_twin_shock,indonesia,USDC
969,0.8028088978148258,1354.5055349695633,15,S3_twin_shock,indonesia,USDC
970,0.8061697494121703,1320.6428965953241,15,S3_twin_shock,indonesia,USDC
971,0.7977204180989779,1287.6268241804412,15,S3_twin_shock,indonesia,USDC
972,0.8056145156027273,1255.4361535759301,15,S3_twin_shock,indonesia,USDC
973,0.7796539276891052,1224.050249736532,15,S3_twin_shock,indonesia,USDC
974,0.7804174349953177,1193.4489934931185,15,S3_twin_shock,indonesia,USDC
975,0.7958684739653132,1163.6127686557907,15,S3_twin_shock,indonesia,USDC
976,0.8093333751455367,1134.5224494393958,15,S3_twin_shock,indonesia,USDC
977,0.7887501945644242,1106.1593882034108,15,S3_twin_shock,indonesia,USDC
978,0.7969331418379476,1078.5054034983257,15,S3_twin_shock,indonesia,USDC
979,0.7952916932769596,1051.5427684108677,15,S3_twin_shock,indonesia,USDC
980,0.7675484041528465,1025.2541992005958,15,S3_twin_shock,indonesia,USDC
981,0.7739321902565276,999.622844220581,15,S3_twin_shock,indonesia,USDC
982,0.7717100497760412,974.6322731150665,15,S3_twin_shock,indonesia,USDC
983,0.7725001746849299,950.2664662871898,15,S3_twin_shock,indonesia,USDC
984,0.767441386693094,926.50980463001,15,S3_twin_shock,indonesia,USDC
985,0.7851059499791931,903.3470595142599,15,S3_twin_shock,indonesia,USDC
986,0.7820178130112144,880.7633830264033,15,S3_twin_shock,indonesia,USDC
987,0.8024566611171507,858.7442984507433,15,S3_twin_shock,indonesia,USDC
988,0.8308734576559516,837.2756909894747,15,S3_twin_shock,indonesia,USDC
989,0.8406583206449307,816.3437987147378,15,S3_twin_shock,indonesia,USDC
990,0.8208711339787028,795.9352037468693,15,S3_twin_shock,indonesia,USDC
991,0.7841562819579078,776.0368236531976,15,S3_twin_shock,indonesia,USDC
992,0.7834225029627622,756.6359030618676,15,S3_twin_shock,indonesia,USDC
993,0.7749878221151018,737.7200054853209,15,S3_twin_shock,indonesia,USDC
994,0.7845849860657595,719.2770053481879,15,S3_twin_shock,indonesia,USDC
995,0.7798569821422768,701.2950802144833,15,S3_twin_shock,indonesia,USDC
996,0.7943381537488627,683.7627032091211,15,S3_twin_shock,indonesia,USDC
997,0.7928894101434868,666.6686356288931,15,S3_twin_shock,indonesia,USDC
998,0.7936990928976808,650.0019197381707,15,S3_twin_shock,indonesia,USDC
999,0.7908068549330669,633.7518717447165,15,S3_twin_shock,indonesia,USDC
1000,0.8014704174678124,617.9080749510986,15,S3_twin_shock,indonesia,USDC
